Timestamp,Temperature, TemperatureDelta, MappedTemperature
0,32,0,26.99896
0.01999999,31.98466,0,26.99896
0.03999998,31.96936,0,26.99896
0.05999998,31.95411,0,26.99896
0.07999997,31.9389,0,26.99896
0.09999996,31.92373,0,26.99896
0.12,31.9086,0,26.99896
0.14,31.89351,0,26.99896
0.1599999,31.87847,0,26.99896
0.1799999,31.86347,0,26.99896
0.1999999,31.84851,0,26.99896
0.2199999,31.83359,0,26.99896
0.2399999,31.81872,0,26.99896
0.2599999,31.80388,0,26.99896
0.2799999,31.78909,0,26.99896
0.2999999,31.77434,0,26.99896
0.3199999,31.75963,0,26.99896
0.3399999,31.74496,0,26.99896
0.3599999,31.73033,0,26.99896
0.3799999,31.71574,0,26.99896
0.3999999,31.70119,0,26.99896
0.4199998,31.68669,0,26.99896
0.4399998,31.67222,0,26.99896
0.4599998,31.65779,0,26.99896
0.4799998,31.64341,0,26.99896
0.4999998,31.62906,0,26.99896
0.5199998,31.61476,0,26.99896
0.5399998,31.60049,0,26.99896
0.5599998,31.58626,0,26.99896
0.5799998,31.57207,0,26.99896
0.5999998,31.55793,0,26.99896
0.6199998,31.54382,0,26.99896
0.6399997,31.52975,0,26.99896
0.6599998,31.51572,0,26.99896
0.6799998,31.50173,0,26.99896
0.6999997,31.48778,0,26.99896
0.7199997,31.47387,0,26.99896
0.7399997,31.46,0,26.99896
0.7599998,31.44616,0,26.99896
0.7799997,31.43237,0,26.99896
0.7999997,31.41861,0,26.99896
0.8199997,31.40489,0,26.99896
0.8399997,31.39121,0,26.99896
0.8599997,31.37756,0,26.99896
0.8799997,31.36396,0,26.99896
0.8999997,31.35039,0,26.99896
0.9199997,31.33686,0,26.99896
0.9399996,31.32337,0,26.99896
0.9599997,31.30992,0,26.99896
0.9799997,31.2965,0,26.99896
0.9999996,31.28312,0,26.99896
1.02,31.26978,0,26.99896
1.04,31.25647,0,26.99896
1.06,31.24321,0,26.99896
1.08,31.22997,0,26.99896
1.1,31.21678,0,26.99896
1.12,31.20362,0,26.99896
1.14,31.1905,0,26.99896
1.16,31.17742,0,26.99896
1.18,31.16437,0,26.99896
1.2,31.15136,0,26.99896
1.22,31.13839,0,26.99896
1.24,31.12545,0,26.99896
1.26,31.11255,0,26.99896
1.279999,31.09968,0,26.99896
1.3,31.08685,0,26.99896
1.32,31.07405,0,26.99896
1.34,31.06129,0,26.99896
1.36,31.04857,0,26.99896
1.38,31.03588,0,26.99896
1.399999,31.02323,0,26.99896
1.419999,31.01061,0,26.99896
1.439999,30.99803,0,26.99896
1.459999,30.98548,0,26.99896
1.479999,30.97297,0,26.99896
1.5,30.96049,0,26.99896
1.52,30.94805,0,26.99896
1.539999,30.93564,0,26.99896
1.559999,30.92327,0,26.99896
1.579999,30.91093,0,26.99896
1.599999,30.89863,0,26.99896
1.619999,30.88636,0,26.99896
1.639999,30.87412,0,26.99896
1.659999,30.86192,0,26.99896
1.679999,30.84975,0,26.99896
1.699999,30.83762,0,26.99896
1.719999,30.82552,0,26.99896
1.739999,30.81345,0,26.99896
1.759999,30.80142,0,26.99896
1.779999,30.78942,0,26.99896
1.799999,30.77745,0,26.99896
1.819999,30.76552,0,26.99896
1.839999,30.75362,0,26.99896
1.859999,30.74175,0,26.99896
1.879999,30.72992,0,26.99896
1.899999,30.71812,0,26.99896
1.919999,30.70635,0,26.99896
1.939999,30.69462,0,26.99896
1.959999,30.68292,0,26.99896
1.979999,30.67125,0,26.99896
1.999999,30.65961,0,26.99896
2.019999,30.64801,0,26.99896
2.039999,30.63643,0,26.99896
2.059999,30.6249,0,26.99896
2.079999,30.61339,0,26.99896
2.099999,30.60191,0,26.99896
2.119999,30.59047,0,26.99896
2.139999,30.57906,0,26.99896
2.159999,30.56768,0,26.99896
2.179999,30.55633,0,26.99896
2.199999,30.54501,0,26.99896
2.219999,30.53373,0,26.99896
2.239999,30.52248,0,26.99896
2.259999,30.51125,0,26.99896
2.279999,30.50006,0,26.99896
2.299999,30.4889,0,26.99896
2.319999,30.47778,0,26.99896
2.339999,30.46668,0,26.99896
2.359999,30.45561,0,26.99896
2.379999,30.44458,0,26.99896
2.399999,30.43357,0,26.99896
2.419999,30.4226,0,26.99896
2.439999,30.41165,0,26.99896
2.459999,30.40074,0,26.99896
2.479999,30.38985,0,26.99896
2.499999,30.379,0,26.99896
2.519999,30.36818,0,26.99896
2.539999,30.35739,0,26.99896
2.559999,30.34663,0,26.99896
2.579999,30.33589,0,26.99896
2.599999,30.32519,0,26.99896
2.619999,30.31452,0,26.99896
2.639999,30.30388,0,26.99896
2.659999,30.29326,0,26.99896
2.679999,30.28268,0,26.99896
2.699999,30.27213,0,26.99896
2.719999,30.2616,0,26.99896
2.739999,30.25111,0,26.99896
2.759999,30.24064,0,26.99896
2.779999,30.23021,0,26.99896
2.799999,30.2198,0,26.99896
2.819999,30.20942,0,26.99896
2.839999,30.19907,0,26.99896
2.859999,30.18875,0,26.99896
2.879999,30.17846,0,26.99896
2.899999,30.1682,0,26.99896
2.919999,30.15796,0,26.99896
2.939999,30.14775,0,26.99896
2.959999,30.13758,0,26.99896
2.979999,30.12743,0,26.99896
2.999999,30.11731,0,26.99896
3.019999,30.10722,0,26.99896
3.039999,30.09715,0,26.99896
3.059999,30.08711,0,26.99896
3.079999,30.07711,0,26.99896
3.099999,30.06713,0,26.99896
3.119999,30.05717,0,26.99896
3.139999,30.04725,0,26.99896
3.159999,30.03735,0,26.99896
3.179999,30.02748,0,26.99896
3.199999,30.01764,0,26.99896
3.219999,30.00782,0,26.99896
3.239999,29.99804,0,26.99896
3.259999,29.98828,0,26.99896
3.279999,29.97854,0,26.99896
3.299999,29.96884,0,26.99896
3.319999,29.95916,0,26.99896
3.339999,29.9495,0,26.99896
3.359999,29.93988,0,26.99896
3.379999,29.93028,0,26.99896
3.399999,29.92071,0,26.99896
3.419999,29.91117,0,26.99896
3.439999,29.90165,0,26.99896
3.459999,29.89216,0,26.99896
3.479999,29.88269,0,26.99896
3.499999,29.87325,0,26.99896
3.519999,29.86384,0,26.99896
3.539999,29.85446,0,26.99896
3.559999,29.8451,0,26.99896
3.579999,29.83576,0,26.99896
3.599999,29.82645,0,26.99896
3.619999,29.81717,0,26.99896
3.639999,29.80792,0,26.99896
3.659999,29.79869,0,26.99896
3.679999,29.78948,0,26.99896
3.699999,29.7803,0,26.99896
3.719999,29.77115,0,26.99896
3.739999,29.76202,0,26.99896
3.759999,29.75292,0,26.99896
3.779999,29.74384,0,26.99896
3.799999,29.73479,0,26.99896
3.819999,29.72576,0,26.99896
3.839999,29.71676,0,26.99896
3.859999,29.70779,0,26.99896
3.879999,29.69884,0,26.99896
3.899999,29.68991,0,26.99896
3.919999,29.68101,0,26.99896
3.939999,29.67213,0,26.99896
3.959999,29.66328,0,26.99896
3.979999,29.65445,0,26.99896
3.999999,29.64565,0,26.99896
4.019999,29.63687,0,26.99896
4.039999,29.62812,0,26.99896
4.059999,29.61939,0,26.99896
4.079998,29.61068,0,26.99896
4.099998,29.602,0,26.99896
4.119998,29.59335,0,26.99896
4.139998,29.58471,0,26.99896
4.159998,29.57611,0,26.99896
4.179998,29.56752,0,26.99896
4.199998,29.55896,0,26.99896
4.219998,29.55042,0,26.99896
4.239998,29.54191,0,26.99896
4.259998,29.53342,0,26.99896
4.279998,29.52496,0,26.99896
4.299998,29.51652,0,26.99896
4.319998,29.5081,0,26.99896
4.339998,29.4997,0,26.99896
4.359998,29.49133,0,26.99896
4.379999,29.48298,0,26.99896
4.399999,29.47466,0,26.99896
4.419999,29.46636,0,26.99896
4.439999,29.45808,0,26.99896
4.459999,29.44982,0,26.99896
4.479999,29.44159,0,26.99896
4.499999,29.43338,0,26.99896
4.519999,29.4252,0,26.99896
4.539999,29.41703,0,26.99896
4.559999,29.40889,0,26.99896
4.579998,29.40077,0,26.99896
4.599998,29.39268,0,26.99896
4.619998,29.38461,0,26.99896
4.639998,29.37655,0,26.99896
4.659998,29.36853,0,26.99896
4.679998,29.36052,0,26.99896
4.699998,29.35254,0,26.99896
4.719998,29.34458,0,26.99896
4.739998,29.33664,0,26.99896
4.759998,29.32872,0,26.99896
4.779998,29.32083,0,26.99896
4.799998,29.31295,0,26.99896
4.819998,29.3051,0,26.99896
4.839998,29.29727,0,26.99896
4.859998,29.28946,0,26.99896
4.879998,29.28168,0,26.99896
4.899998,29.27392,0,26.99896
4.919998,29.26617,0,26.99896
4.939998,29.25845,0,26.99896
4.959998,29.25076,0,26.99896
4.979998,29.24308,0,26.99896
4.999998,29.23542,0,26.99896
5.019998,29.22779,0,26.99896
5.039998,29.22017,0,26.99896
5.059998,29.21258,0,26.99896
5.079998,29.20501,0,26.99896
5.099998,29.19746,0,26.99896
5.119998,29.18993,0,26.99896
5.139998,29.18242,0,26.99896
5.159998,29.17494,0,26.99896
5.179998,29.16747,0,26.99896
5.199998,29.16003,0,26.99896
5.219998,29.1526,0,26.99896
5.239998,29.1452,0,26.99896
5.259998,29.13781,0,26.99896
5.279998,29.13045,0,26.99896
5.299998,29.12311,0,26.99896
5.319998,29.11579,0,26.99896
5.339998,29.10849,0,26.99896
5.359998,29.10121,0,26.99896
5.379998,29.09394,0,26.99896
5.399998,29.0867,0,26.99896
5.419998,29.07948,0,26.99896
5.439998,29.07228,0,26.99896
5.459998,29.0651,0,26.99896
5.479998,29.05794,0,26.99896
5.499998,29.0508,0,26.99896
5.519998,29.04368,0,26.99896
5.539998,29.03658,0,26.99896
5.559998,29.0295,0,26.99896
5.579998,29.02244,0,26.99896
5.599998,29.0154,0,26.99896
5.619998,29.00838,0,26.99896
5.639998,29.00138,0,26.99896
5.659998,28.99439,0,26.99896
5.679998,28.98743,0,26.99896
5.699998,28.98049,0,26.99896
5.719998,28.97356,0,26.99896
5.739998,28.96666,0,26.99896
5.759998,28.95977,0,26.99896
5.779998,28.95291,0,26.99896
5.799998,28.94606,0,26.99896
5.819998,28.93923,0,26.99896
5.839998,28.93242,0,26.99896
5.859998,28.92563,0,26.99896
5.879998,28.91886,0,26.99896
5.899998,28.91211,0,26.99896
5.919998,28.90538,0,26.99896
5.939998,28.89866,0,26.99896
5.959998,28.89196,0,26.99896
5.979998,28.88529,0,26.99896
5.999998,28.87863,0,26.99896
6.019998,28.87199,0,26.99896
6.039998,28.86537,0,26.99896
6.059998,28.85876,0,26.99896
6.079998,28.85218,0,26.99896
6.099998,28.84561,0,26.99896
6.119998,28.83906,0,26.99896
6.139998,28.83253,0,26.99896
6.159998,28.82602,0,26.99896
6.179998,28.81953,0,26.99896
6.199998,28.81305,0,26.99896
6.219998,28.80659,0,26.99896
6.239998,28.80015,0,26.99896
6.259998,28.79373,0,26.99896
6.279998,28.78733,0,26.99896
6.299998,28.78094,0,26.99896
6.319998,28.77457,0,26.99896
6.339998,28.76822,0,26.99896
6.359998,28.76189,0,26.99896
6.379998,28.75558,0,26.99896
6.399998,28.74928,0,26.99896
6.419998,28.743,0,26.99896
6.439998,28.73674,0,26.99896
6.459998,28.73049,0,26.99896
6.479998,28.72427,0,26.99896
6.499998,28.71806,0,26.99896
6.519998,28.71186,0,26.99896
6.539998,28.70569,0,26.99896
6.559998,28.69953,0,26.99896
6.579998,28.69339,0,26.99896
6.599998,28.68726,0,26.99896
6.619998,28.68115,0,26.99896
6.639997,28.67506,0,26.99896
6.659997,28.66899,0,26.99896
6.679997,28.66294,0,26.99896
6.699997,28.6569,0,26.99896
6.719997,28.65088,0,26.99896
6.739997,28.64487,0,26.99896
6.759997,28.63888,0,26.99896
6.779998,28.63291,0,26.99896
6.799998,28.62695,0,26.99896
6.819998,28.62101,0,26.99896
6.839998,28.61509,0,26.99896
6.859998,28.60919,0,26.99896
6.879998,28.6033,0,26.99896
6.899998,28.59742,0,26.99896
6.919998,28.59157,0,26.99896
6.939998,28.58573,0,26.99896
6.959998,28.5799,0,26.99896
6.979998,28.57409,0,26.99896
6.999998,28.5683,0,26.99896
7.019998,28.56253,0,26.99896
7.039998,28.55677,0,26.99896
7.059998,28.55103,0,26.99896
7.079998,28.5453,0,26.99896
7.099998,28.53959,0,26.99896
7.119998,28.53389,0,26.99896
7.139997,28.52821,0,26.99896
7.159997,28.52255,0,26.99896
7.179997,28.5169,0,26.99896
7.199997,28.51127,0,26.99896
7.219997,28.50565,0,26.99896
7.239997,28.50005,0,26.99896
7.259997,28.49447,0,26.99896
7.279997,28.4889,0,26.99896
7.299997,28.48334,0,26.99896
7.319997,28.4778,0,26.99896
7.339997,28.47228,0,26.99896
7.359997,28.46677,0,26.99896
7.379997,28.46128,0,26.99896
7.399997,28.4558,0,26.99896
7.419997,28.45034,0,26.99896
7.439997,28.44489,0,26.99896
7.459997,28.43946,0,26.99896
7.479997,28.43404,0,26.99896
7.499997,28.42864,0,26.99896
7.519997,28.42325,0,26.99896
7.539997,28.41788,0,26.99896
7.559998,28.41253,0,26.99896
7.579998,28.40719,0,26.99896
7.599998,28.40186,0,26.99896
7.619998,28.39655,0,26.99896
7.639997,28.39125,0,26.99896
7.659997,28.38597,0,26.99896
7.679997,28.3807,0,26.99896
7.699997,28.37545,0,26.99896
7.719997,28.37021,0,26.99896
7.739997,28.36499,0,26.99896
7.759997,28.35978,0,26.99896
7.779997,28.35458,0,26.99896
7.799997,28.3494,0,26.99896
7.819997,28.34424,0,26.99896
7.839997,28.33909,0,26.99896
7.859997,28.33395,0,26.99896
7.879997,28.32883,0,26.99896
7.899997,28.32372,0,26.99896
7.919997,28.31862,0,26.99896
7.939997,28.31355,0,26.99896
7.959997,28.30848,0,26.99896
7.979997,28.30343,0,26.99896
7.999997,28.29839,0,26.99896
8.019998,28.29337,0,26.99896
8.039997,28.28836,0,26.99896
8.059998,28.28336,0,26.99896
8.079997,28.27838,0,26.99896
8.099998,28.27341,0,26.99896
8.119997,28.26846,0,26.99896
8.139997,28.26352,0,26.99896
8.159997,28.25859,0,26.99896
8.179997,28.25368,0,26.99896
8.199997,28.24879,0,26.99896
8.219997,28.2439,0,26.99896
8.239997,28.23903,0,26.99896
8.259997,28.23417,0,26.99896
8.279997,28.22933,0,26.99896
8.299997,28.22449,0,26.99896
8.319997,28.21968,0,26.99896
8.339997,28.21487,0,26.99896
8.359997,28.21008,0,26.99896
8.379997,28.2053,0,26.99896
8.399997,28.20054,0,26.99896
8.419997,28.19579,0,26.99896
8.439997,28.19105,0,26.99896
8.459997,28.18633,0,26.99896
8.479997,28.18161,0,26.99896
8.499997,28.17692,0,26.99896
8.519997,28.17223,0,26.99896
8.539997,28.16756,0,26.99896
8.559997,28.1629,0,26.99896
8.579997,28.15826,0,26.99896
8.599997,28.15362,0,26.99896
8.619997,28.149,0,26.99896
8.639997,28.1444,0,26.99896
8.659997,28.1398,0,26.99896
8.679996,28.13522,0,26.99896
8.699997,28.13065,0,26.99896
8.719996,28.1261,0,26.99896
8.739997,28.12155,0,26.99896
8.759997,28.11702,0,26.99896
8.779997,28.1125,0,26.99896
8.799997,28.108,0,26.99896
8.819997,28.10351,0,26.99896
8.839997,28.09903,0,26.99896
8.859997,28.09456,0,26.99896
8.879997,28.09011,0,26.99896
8.899997,28.08566,0,26.99896
8.919997,28.08123,0,26.99896
8.939997,28.07681,0,26.99896
8.959997,28.07241,0,26.99896
8.979997,28.06802,0,26.99896
8.999997,28.06363,0,26.99896
9.019997,28.05927,0,26.99896
9.039997,28.05491,0,26.99896
9.059997,28.05056,0,26.99896
9.079997,28.04623,0,26.99896
9.099997,28.04191,0,26.99896
9.119997,28.0376,0,26.99896
9.139997,28.03331,0,26.99896
9.159997,28.02902,0,26.99896
9.179996,28.02475,0,26.99896
9.199997,28.02049,0,26.99896
9.219996,28.01624,0,26.99896
9.239997,28.012,0,26.99896
9.259996,28.00778,0,26.99896
9.279997,28.00356,0,26.99896
9.299996,27.99936,0,26.99896
9.319997,27.99517,0,26.99896
9.339996,27.99099,0,26.99896
9.359997,27.98683,0,26.99896
9.379996,27.98267,0,26.99896
9.399997,27.97853,0,26.99896
9.419996,27.9744,0,26.99896
9.439997,27.97028,0,26.99896
9.459996,27.96617,0,26.99896
9.479997,27.96207,0,26.99896
9.499996,27.95799,0,26.99896
9.519997,27.95391,0,26.99896
9.539996,27.94985,0,26.99896
9.559997,27.9458,0,26.99896
9.579997,27.94176,0,26.99896
9.599997,27.93773,0,26.99896
9.619997,27.93371,0,26.99896
9.639997,27.9297,0,26.99896
9.659997,27.92571,0,26.99896
9.679996,27.92172,0,26.99896
9.699997,27.91775,0,26.99896
9.719996,27.91379,0,26.99896
9.739997,27.90984,0,26.99896
9.759996,27.9059,0,26.99896
9.779997,27.90197,0,26.99896
9.799996,27.89805,0,26.99896
9.819997,27.89414,0,26.99896
9.839996,27.89025,0,26.99896
9.859997,27.88636,0,26.99896
9.879996,27.88248,0,26.99896
9.899997,27.87862,0,26.99896
9.919996,27.87477,0,26.99896
9.939997,27.87092,0,26.99896
9.959996,27.86709,0,26.99896
9.979997,27.86327,0,26.99896
9.999996,27.85946,0,26.99896
10.02,27.85566,0,26.99896
10.04,27.85187,0,26.99896
10.06,27.84809,0,26.99896
10.08,27.84432,0,26.99896
10.1,27.84057,0,26.99896
10.12,27.83682,0,26.99896
10.14,27.83308,0,26.99896
10.16,27.82936,0,26.99896
10.18,27.82564,0,26.99896
10.2,27.82193,0,26.99896
10.22,27.81824,0,26.99896
10.24,27.81455,0,26.99896
10.26,27.81088,0,26.99896
10.28,27.80721,0,26.99896
10.3,27.80356,0,26.99896
10.32,27.79992,0,26.99896
10.34,27.79628,0,26.99896
10.36,27.79266,0,26.99896
10.38,27.78904,0,26.99896
10.4,27.78544,0,26.99896
10.42,27.78185,0,26.99896
10.44,27.77826,0,26.99896
10.46,27.77469,0,26.99896
10.48,27.77113,0,26.99896
10.5,27.76757,0,26.99896
10.52,27.76403,0,26.99896
10.54,27.76049,0,26.99896
10.56,27.75697,0,26.99896
10.58,27.75346,0,26.99896
10.6,27.74995,0,26.99896
10.62,27.74646,0,26.99896
10.64,27.74297,0,26.99896
10.66,27.7395,0,26.99896
10.68,27.73603,0,26.99896
10.7,27.73258,0,26.99896
10.72,27.72913,0,26.99896
10.74,27.72569,0,26.99896
10.76,27.72227,0,26.99896
10.78,27.71885,0,26.99896
10.8,27.71544,0,26.99896
10.82,27.71204,0,26.99896
10.84,27.70865,0,26.99896
10.86,27.70527,0,26.99896
10.88,27.7019,0,26.99896
10.9,27.69854,0,26.99896
10.92,27.69519,0,26.99896
10.94,27.69185,0,26.99896
10.96,27.68851,0,26.99896
10.98,27.68519,0,26.99896
11,27.68188,0,26.99896
11.02,27.67857,0,26.99896
11.04,27.67528,0,26.99896
11.06,27.67199,0,26.99896
11.08,27.66871,0,26.99896
11.1,27.66544,0,26.99896
11.12,27.66218,0,26.99896
11.14,27.65893,0,26.99896
11.16,27.65569,0,26.99896
11.18,27.65246,0,26.99896
11.2,27.64924,0,26.99896
11.22,27.64602,0,26.99896
11.24,27.64282,0,26.99896
11.26,27.63962,0,26.99896
11.28,27.63643,0,26.99896
11.3,27.63326,0,26.99896
11.32,27.63009,0,26.99896
11.34,27.62693,0,26.99896
11.36,27.62378,0,26.99896
11.38,27.62063,0,26.99896
11.4,27.6175,0,26.99896
11.42,27.61437,0,26.99896
11.44,27.61126,0,26.99896
11.46,27.60815,0,26.99896
11.48,27.60505,0,26.99896
11.5,27.60196,0,26.99896
11.52,27.59888,0,26.99896
11.54,27.5958,0,26.99896
11.56,27.59274,0,26.99896
11.58,27.58968,0,26.99896
11.6,27.58663,0,26.99896
11.62,27.58359,0,26.99896
11.64,27.58056,0,26.99896
11.66,27.57754,0,26.99896
11.68,27.57452,0,26.99896
11.7,27.57152,0,26.99896
11.72,27.56852,0,26.99896
11.74,27.56553,0,26.99896
11.76,27.56255,0,26.99896
11.78,27.55958,0,26.99896
11.8,27.55661,0,26.99896
11.82,27.55366,0,26.99896
11.84,27.55071,0,26.99896
11.86,27.54777,0,26.99896
11.88,27.54484,0,26.99896
11.9,27.54192,0,26.99896
11.92,27.539,0,26.99896
11.94,27.53609,0,26.99896
11.96,27.5332,0,26.99896
11.98,27.5303,0,26.99896
12,27.52742,0,26.99896
12.02,27.52455,0,26.99896
12.04,27.52168,0,26.99896
12.06,27.51882,0,26.99896
12.08,27.51597,0,26.99896
12.1,27.51313,0,26.99896
12.12,27.51029,0,26.99896
12.14,27.50747,0,26.99896
12.16,27.50465,0,26.99896
12.18,27.50184,0,26.99896
12.2,27.49903,0,26.99896
12.22,27.49624,0,26.99896
12.24,27.49345,0,26.99896
12.26,27.49067,0,26.99896
12.28,27.4879,0,26.99896
12.3,27.48513,0,26.99896
12.32,27.48238,0,26.99896
12.34,27.47963,0,26.99896
12.36,27.47689,0,26.99896
12.38,27.47416,0,26.99896
12.4,27.47143,0,26.99896
12.42,27.46871,0,26.99896
12.44,27.466,0,26.99896
12.46,27.4633,0,26.99896
12.48,27.4606,0,26.99896
12.5,27.45792,0,26.99896
12.52,27.45523,0,26.99896
12.54,27.45256,0,26.99896
12.56,27.44989,0,26.99896
12.58,27.44724,0,26.99896
12.6,27.44458,0,26.99896
12.62,27.44194,0,26.99896
12.64,27.4393,0,26.99896
12.66,27.43668,0,26.99896
12.68,27.43406,0,26.99896
12.7,27.43144,0,26.99896
12.72,27.42883,0,26.99896
12.74,27.42623,0,26.99896
12.76,27.42364,0,26.99896
12.78,27.42106,0,26.99896
12.8,27.41848,0,26.99896
12.82,27.41591,0,26.99896
12.84,27.41334,0,26.99896
12.86,27.41079,0,26.99896
12.88,27.40824,0,26.99896
12.9,27.40569,0,26.99896
12.92,27.40316,0,26.99896
12.94,27.40063,0,26.99896
12.96,27.39811,0,26.99896
12.98,27.3956,0,26.99896
13,27.39309,0,26.99896
13.02,27.39059,0,26.99896
13.04,27.3881,0,26.99896
13.06,27.38561,0,26.99896
13.08,27.38313,0,26.99896
13.1,27.38066,0,26.99896
13.12,27.37819,0,26.99896
13.14,27.37574,0,26.99896
13.16,27.37329,0,26.99896
13.18,27.37084,0,26.99896
13.2,27.3684,0,26.99896
13.22,27.36597,0,26.99896
13.24,27.36355,0,26.99896
13.26,27.36113,0,26.99896
13.27999,27.35872,0,26.99896
13.3,27.35631,0,26.99896
13.31999,27.35391,0,26.99896
13.34,27.35152,0,26.99896
13.35999,27.34914,0,26.99896
13.38,27.34676,0,26.99896
13.39999,27.34439,0,26.99896
13.42,27.34202,0,26.99896
13.43999,27.33967,0,26.99896
13.46,27.33731,0,26.99896
13.47999,27.33497,0,26.99896
13.5,27.33263,0,26.99896
13.51999,27.3303,0,26.99896
13.54,27.32798,0,26.99896
13.56,27.32566,0,26.99896
13.58,27.32335,0,26.99896
13.6,27.32104,0,26.99896
13.62,27.31874,0,26.99896
13.64,27.31645,0,26.99896
13.66,27.31416,0,26.99896
13.68,27.31188,0,26.99896
13.7,27.30961,0,26.99896
13.72,27.30734,0,26.99896
13.74,27.30508,0,26.99896
13.76,27.30283,0,26.99896
13.77999,27.30058,0,26.99896
13.8,27.29833,0,26.99896
13.81999,27.2961,0,26.99896
13.84,27.29387,0,26.99896
13.85999,27.29165,0,26.99896
13.88,27.28943,0,26.99896
13.89999,27.28722,0,26.99896
13.92,27.28501,0,26.99896
13.93999,27.28281,0,26.99896
13.96,27.28062,0,26.99896
13.97999,27.27843,0,26.99896
14,27.27625,0,26.99896
14.01999,27.27408,0,26.99896
14.04,27.27191,0,26.99896
14.05999,27.26975,0,26.99896
14.08,27.26759,0,26.99896
14.09999,27.26544,0,26.99896
14.12,27.2633,0,26.99896
14.13999,27.26116,0,26.99896
14.16,27.25903,0,26.99896
14.17999,27.2569,0,26.99896
14.2,27.25478,0,26.99896
14.21999,27.25266,0,26.99896
14.24,27.25055,0,26.99896
14.25999,27.24845,0,26.99896
14.27999,27.24635,0,26.99896
14.29999,27.24426,0,26.99896
14.31999,27.24218,0,26.99896
14.34,27.2401,0,26.99896
14.35999,27.23803,0,26.99896
14.38,27.23596,0,26.99896
14.39999,27.2339,0,26.99896
14.42,27.23184,0,26.99896
14.43999,27.22979,0,26.99896
14.46,27.22775,0,26.99896
14.47999,27.22571,0,26.99896
14.5,27.22367,0,26.99896
14.51999,27.22165,0,26.99896
14.54,27.21962,0,26.99896
14.55999,27.21761,0,26.99896
14.58,27.2156,0,26.99896
14.59999,27.21359,0,26.99896
14.62,27.21159,0,26.99896
14.63999,27.2096,0,26.99896
14.66,27.20761,0,26.99896
14.67999,27.20563,0,26.99896
14.7,27.20365,0,26.99896
14.71999,27.20168,0,26.99896
14.74,27.19971,0,26.99896
14.75999,27.19775,0,26.99896
14.77999,27.19579,0,26.99896
14.79999,27.19384,0,26.99896
14.81999,27.1919,0,26.99896
14.83999,27.18996,0,26.99896
14.85999,27.18802,0,26.99896
14.87999,27.1861,0,26.99896
14.89999,27.18417,0,26.99896
14.91999,27.18226,0,26.99896
14.93999,27.18034,0,26.99896
14.95999,27.17844,0,26.99896
14.97999,27.17653,0,26.99896
14.99999,27.17464,0,26.99896
15.01999,27.17275,0,26.99896
15.03999,27.17086,0,26.99896
15.05999,27.16898,0,26.99896
15.07999,27.1671,0,26.99896
15.09999,27.16523,0,26.99896
15.12,27.16337,0,26.99896
15.13999,27.16151,0,26.99896
15.16,27.15965,0,26.99896
15.17999,27.1578,0,26.99896
15.2,27.15596,0,26.99896
15.21999,27.15412,0,26.99896
15.24,27.15229,0,26.99896
15.25999,27.15046,0,26.99896
15.27999,27.14863,0,26.99896
15.29999,27.14681,0,26.99896
15.31999,27.145,0,26.99896
15.33999,27.14319,0,26.99896
15.35999,27.14139,0,26.99896
15.37999,27.13959,0,26.99896
15.39999,27.1378,0,26.99896
15.41999,27.13601,0,26.99896
15.43999,27.13422,0,26.99896
15.45999,27.13244,0,26.99896
15.47999,27.13067,0,26.99896
15.49999,27.1289,0,26.99896
15.51999,27.12714,0,26.99896
15.53999,27.12538,0,26.99896
15.55999,27.12362,0,26.99896
15.57999,27.12188,0,26.99896
15.59999,27.12013,0,26.99896
15.61999,27.11839,0,26.99896
15.63999,27.11666,0,26.99896
15.65999,27.11493,0,26.99896
15.67999,27.1132,0,26.99896
15.69999,27.11148,0,26.99896
15.71999,27.10977,0,26.99896
15.73999,27.10806,0,26.99896
15.75999,27.10635,0,26.99896
15.77999,27.10465,0,26.99896
15.79999,27.10296,0,26.99896
15.81999,27.10126,0,26.99896
15.83999,27.09958,0,26.99896
15.85999,27.0979,0,26.99896
15.87999,27.09622,0,26.99896
15.89999,27.09455,0,26.99896
15.91999,27.09288,0,26.99896
15.93999,27.09122,0,26.99896
15.95999,27.08956,0,26.99896
15.97999,27.0879,0,26.99896
15.99999,27.08625,0,26.99896
16.01999,27.08461,0,26.99896
16.04,27.08297,0,26.99896
16.05999,27.08133,0,26.99896
16.07999,27.0797,0,26.99896
16.09999,27.07807,0,26.99896
16.12,27.07645,0,26.99896
16.13999,27.07483,0,26.99896
16.15999,27.07322,0,26.99896
16.17999,27.07161,0,26.99896
16.2,27.07001,0,26.99896
16.21999,27.06841,0,26.99896
16.23999,27.06681,0,26.99896
16.25999,27.06522,0,26.99896
16.27999,27.06364,0,26.99896
16.29999,27.06206,0,26.99896
16.31999,27.06048,0,26.99896
16.33999,27.0589,0,26.99896
16.35999,27.05734,0,26.99896
16.37999,27.05577,0,26.99896
16.39999,27.05421,0,26.99896
16.41999,27.05266,0,26.99896
16.43999,27.05111,0,26.99896
16.45999,27.04956,0,26.99896
16.47999,27.04802,0,26.99896
16.49999,27.04648,0,26.99896
16.51999,27.04494,0,26.99896
16.53999,27.04341,0,26.99896
16.55999,27.04189,0,26.99896
16.57999,27.04037,0,26.99896
16.59999,27.03885,0,26.99896
16.61999,27.03734,0,26.99896
16.63999,27.03583,0,26.99896
16.65999,27.03432,0,26.99896
16.67999,27.03282,0,26.99896
16.69999,27.03133,0,26.99896
16.71999,27.02983,0,26.99896
16.73999,27.02835,0,26.99896
16.75999,27.02686,0,26.99896
16.77999,27.02538,0,26.99896
16.79999,27.02391,0,26.99896
16.81999,27.02244,0,26.99896
16.83999,27.02097,0,26.99896
16.85999,27.01951,0,26.99896
16.87999,27.01805,0,26.99896
16.89999,27.01659,0,26.99896
16.91999,27.01514,0,26.99896
16.93999,27.01369,0,26.99896
16.95999,27.01225,0,26.99896
16.97999,27.01081,0,26.99896
16.99999,27.00938,0,26.99896
17.01999,27.00795,0,26.99896
17.03999,27.00652,0,26.99896
17.05999,27.0051,0,26.99896
17.07999,27.00368,0,26.99896
17.09999,27.00227,0,26.99896
17.11999,27.00085,0,26.99896
17.13999,26.99945,0,26.99896
17.15999,26.99804,0,26.99896
17.17999,26.99664,0,26.99896
17.19999,26.99525,0,26.99896
17.21999,26.99386,0,26.99896
17.23999,26.99247,0,26.99896
17.25999,26.99109,0,26.99896
17.27999,26.98971,0,26.99896
17.29999,26.98833,0,26.99896
17.31999,26.98696,0,26.99896
17.33999,26.9856,0,26.99896
17.35999,26.98423,0,26.99896
17.37999,26.98287,0,26.99896
17.39999,26.98152,0,26.99896
17.41999,26.98016,0,26.99896
17.43999,26.97882,0,26.99896
17.45999,26.97747,0,26.99896
17.47999,26.97613,0,26.99896
17.49999,26.97479,0,26.99896
17.51999,26.97346,0,26.99896
17.53999,26.97213,0,26.99896
17.55999,26.9708,0,26.99896
17.57999,26.96947,0,26.99896
17.59999,26.96815,0,26.99896
17.61999,26.96684,0,26.99896
17.63999,26.96553,0,26.99896
17.65999,26.96422,0,26.99896
17.67999,26.96291,0,26.99896
17.69999,26.96161,0,26.99896
17.71999,26.96032,0,26.99896
17.73999,26.95902,0,26.99896
17.75999,26.95773,0,26.99896
17.77999,26.95645,0,26.99896
17.79999,26.95516,0,26.99896
17.81999,26.95388,0,26.99896
17.83999,26.95261,0,26.99896
17.85999,26.95133,0,26.99896
17.87999,26.95007,0,26.99896
17.89999,26.9488,0,26.99896
17.91999,26.94754,0,26.99896
17.93999,26.94628,0,26.99896
17.95999,26.94502,0,26.99896
17.97999,26.94377,0,26.99896
17.99999,26.94253,0,26.99896
18.01999,26.94128,0,26.99896
18.03999,26.94004,0,26.99896
18.05999,26.9388,0,26.99896
18.07999,26.93757,0,26.99896
18.09999,26.93634,0,26.99896
18.11999,26.93511,0,26.99896
18.13999,26.93389,0,26.99896
18.15999,26.93267,0,26.99896
18.17999,26.93145,0,26.99896
18.19999,26.93024,0,26.99896
18.21999,26.92903,0,26.99896
18.23999,26.92782,0,26.99896
18.25999,26.92662,0,26.99896
18.27999,26.92542,0,26.99896
18.29999,26.92422,0,26.99896
18.31999,26.92303,0,26.99896
18.33999,26.92184,0,26.99896
18.35999,26.92065,0,26.99896
18.37999,26.91947,0,26.99896
18.39999,26.91829,0,26.99896
18.41999,26.91711,0,26.99896
18.43999,26.91594,0,26.99896
18.45999,26.91477,0,26.99896
18.47999,26.9136,0,26.99896
18.49999,26.91244,0,26.99896
18.51999,26.91128,0,26.99896
18.53999,26.91012,0,26.99896
18.55999,26.90896,0,26.99896
18.57999,26.90781,0,26.99896
18.59999,26.90667,0,26.99896
18.61999,26.90552,0,26.99896
18.63999,26.90438,0,26.99896
18.65999,26.90324,0,26.99896
18.67999,26.90211,0,26.99896
18.69999,26.90098,0,26.99896
18.71999,26.89985,0,26.99896
18.73999,26.89872,0,26.99896
18.75999,26.8976,0,26.99896
18.77999,26.89648,0,26.99896
18.79999,26.89536,0,26.99896
18.81999,26.89425,0,26.99896
18.83999,26.89314,0,26.99896
18.85999,26.89204,0,26.99896
18.87999,26.89093,0,26.99896
18.89999,26.88983,0,26.99896
18.91999,26.88873,0,26.99896
18.93999,26.88764,0,26.99896
18.95999,26.88655,0,26.99896
18.97999,26.88546,0,26.99896
18.99999,26.88437,0,26.99896
19.01999,26.88329,0,26.99896
19.03999,26.88221,0,26.99896
19.05999,26.88114,0,26.99896
19.07999,26.88006,0,26.99896
19.09999,26.87899,0,26.99896
19.11999,26.87793,0,26.99896
19.13999,26.87686,0,26.99896
19.15999,26.8758,0,26.99896
19.17999,26.87474,0,26.99896
19.19999,26.87369,0,26.99896
19.21999,26.87263,0,26.99896
19.23999,26.87159,0,26.99896
19.25999,26.87054,0,26.99896
19.27999,26.8695,0,26.99896
19.29999,26.86845,0,26.99896
19.31999,26.86742,0,26.99896
19.33999,26.86638,0,26.99896
19.35999,26.86535,0,26.99896
19.37999,26.86432,0,26.99896
19.39999,26.86329,0,26.99896
19.41999,26.86227,0,26.99896
19.43999,26.86125,0,26.99896
19.45999,26.86023,0,26.99896
19.47999,26.85921,0,26.99896
19.49999,26.8582,0,26.99896
19.51999,26.85719,0,26.99896
19.53999,26.85619,0,26.99896
19.55999,26.85518,0,26.99896
19.57999,26.85418,0,26.99896
19.59999,26.85318,0,26.99896
19.61999,26.85219,0,26.99896
19.63999,26.8512,0,26.99896
19.65999,26.85021,0,26.99896
19.67999,26.84922,0,26.99896
19.69999,26.84824,0,26.99896
19.71999,26.84725,0,26.99896
19.73999,26.84628,0,26.99896
19.75999,26.8453,0,26.99896
19.77999,26.84433,0,26.99896
19.79999,26.84336,0,26.99896
19.81999,26.84239,0,26.99896
19.83999,26.84142,0,26.99896
19.85999,26.84046,0,26.99896
19.87999,26.8395,0,26.99896
19.89999,26.83854,0,26.99896
19.91999,26.83759,0,26.99896
19.93999,26.83664,0,26.99896
19.95999,26.83569,0,26.99896
19.97999,26.83474,0,26.99896
19.99999,26.8338,0,26.99896
20.01999,26.83286,0,26.99896
20.03999,26.83192,0,26.99896
20.05999,26.83098,0,26.99896
20.07999,26.83005,0,26.99896
20.09999,26.82912,0,26.99896
20.11999,26.82819,0,26.99896
20.13999,26.82726,0,26.99896
20.15999,26.82634,0,26.99896
20.17999,26.82542,0,26.99896
20.19999,26.8245,0,26.99896
20.21999,26.82359,0,26.99896
20.23999,26.82267,0,26.99896
20.25999,26.82176,0,26.99896
20.27999,26.82085,0,26.99896
20.29999,26.81995,0,26.99896
20.31999,26.81905,0,26.99896
20.33999,26.81815,0,26.99896
20.35999,26.81725,0,26.99896
20.37999,26.81635,0,26.99896
20.39999,26.81546,0,26.99896
20.41999,26.81457,0,26.99896
20.43999,26.81368,0,26.99896
20.45999,26.8128,0,26.99896
20.47999,26.81191,0,26.99896
20.49999,26.81103,0,26.99896
20.51999,26.81016,0,26.99896
20.53999,26.80928,0,26.99896
20.55999,26.80841,0,26.99896
20.57999,26.80754,0,26.99896
20.59999,26.80667,0,26.99896
20.61999,26.8058,0,26.99896
20.63999,26.80494,0,26.99896
20.65999,26.80408,0,26.99896
20.67999,26.80322,0,26.99896
20.69999,26.80236,0,26.99896
20.71999,26.80151,0,26.99896
20.73999,26.80066,0,26.99896
20.75999,26.79981,0,26.99896
20.77999,26.79896,0,26.99896
20.79999,26.79812,0,26.99896
20.81999,26.79728,0,26.99896
20.83999,26.79644,0,26.99896
20.85999,26.7956,0,26.99896
20.87999,26.79477,0,26.99896
20.89999,26.79393,0,26.99896
20.91999,26.7931,0,26.99896
20.93999,26.79228,0,26.99896
20.95999,26.79145,0,26.99896
20.97999,26.79063,0,26.99896
20.99999,26.78981,0,26.99896
21.01999,26.78899,0,26.99896
21.03999,26.78817,0,26.99896
21.05999,26.78736,0,26.99896
21.07999,26.78654,0,26.99896
21.09999,26.78574,0,26.99896
21.11999,26.78493,0,26.99896
21.13999,26.78412,0,26.99896
21.15999,26.78332,0,26.99896
21.17999,26.78252,0,26.99896
21.19999,26.78172,0,26.99896
21.21999,26.78093,0,26.99896
21.23999,26.78013,0,26.99896
21.25999,26.77934,0,26.99896
21.27999,26.77855,0,26.99896
21.29999,26.77776,0,26.99896
21.31999,26.77698,0,26.99896
21.33999,26.7762,0,26.99896
21.35999,26.77542,0,26.99896
21.37999,26.77464,0,26.99896
21.39999,26.77386,0,26.99896
21.41999,26.77309,0,26.99896
21.43999,26.77231,0,26.99896
21.45999,26.77154,0,26.99896
21.47999,26.77077,0,26.99896
21.49999,26.77001,0,26.99896
21.51999,26.76925,0,26.99896
21.53999,26.76849,0,26.99896
21.55999,26.76773,0,26.99896
21.57999,26.76697,0,26.99896
21.59999,26.76621,0,26.99896
21.61999,26.76546,0,26.99896
21.63999,26.76471,0,26.99896
21.65999,26.76396,0,26.99896
21.67999,26.76321,0,26.99896
21.69999,26.76247,0,26.99896
21.71999,26.76173,0,26.99896
21.73999,26.76099,0,26.99896
21.75999,26.76025,0,26.99896
21.77999,26.75951,0,26.99896
21.79999,26.75878,0,26.99896
21.81999,26.75805,0,26.99896
21.83999,26.75732,0,26.99896
21.85999,26.75659,0,26.99896
21.87999,26.75586,0,26.99896
21.89999,26.75514,0,26.99896
21.91999,26.75441,0,26.99896
21.93999,26.75369,0,26.99896
21.95999,26.75298,0,26.99896
21.97999,26.75226,0,26.99896
21.99999,26.75155,0,26.99896
22.01999,26.75084,0,26.99896
22.03999,26.75013,0,26.99896
22.05999,26.74942,0,26.99896
22.07999,26.74871,0,26.99896
22.09999,26.74801,0,26.99896
22.11999,26.74731,0,26.99896
22.13999,26.74661,0,26.99896
22.15999,26.74591,0,26.99896
22.17999,26.74521,0,26.99896
22.19999,26.74452,0,26.99896
22.21999,26.74383,0,26.99896
22.23999,26.74314,0,26.99896
22.25999,26.74245,0,26.99896
22.27999,26.74176,0,26.99896
22.29999,26.74108,0,26.99896
22.31999,26.74039,0,26.99896
22.33999,26.73971,0,26.99896
22.35999,26.73903,0,26.99896
22.37999,26.73836,0,26.99896
22.39999,26.73768,0,26.99896
22.41999,26.73701,0,26.99896
22.43999,26.73634,0,26.99896
22.45999,26.73567,0,26.99896
22.47999,26.735,0,26.99896
22.49999,26.73433,0,26.99896
22.51999,26.73367,0,26.99896
22.53999,26.73301,0,26.99896
22.55999,26.73235,0,26.99896
22.57999,26.73169,0,26.99896
22.59999,26.73103,0,26.99896
22.61999,26.73038,0,26.99896
22.63999,26.72973,0,26.99896
22.65999,26.72908,0,26.99896
22.67999,26.72843,0,26.99896
22.69999,26.72778,0,26.99896
22.71999,26.72713,0,26.99896
22.73999,26.72649,0,26.99896
22.75999,26.72585,0,26.99896
22.77999,26.7252,0,26.99896
22.79999,26.72457,0,26.99896
22.81999,26.72393,0,26.99896
22.83999,26.72329,0,26.99896
22.85999,26.72266,0,26.99896
22.87999,26.72203,0,26.99896
22.89999,26.7214,0,26.99896
22.91999,26.72077,0,26.99896
22.93999,26.72015,0,26.99896
22.95999,26.71952,0,26.99896
22.97999,26.7189,0,26.99896
22.99999,26.71828,0,26.99896
23.01999,26.71766,0,26.99896
23.03999,26.71704,0,26.99896
23.05999,26.71642,0,26.99896
23.07999,26.71581,0,26.99896
23.09999,26.7152,0,26.99896
23.11999,26.71459,0,26.99896
23.13999,26.71398,0,26.99896
23.15999,26.71337,0,26.99896
23.17999,26.71276,0,26.99896
23.19999,26.71216,0,26.99896
23.21999,26.71156,0,26.99896
23.23999,26.71096,0,26.99896
23.25999,26.71036,0,26.99896
23.27999,26.70976,0,26.99896
23.29999,26.70917,0,26.99896
23.31999,26.70857,0,26.99896
23.33999,26.70798,0,26.99896
23.35999,26.70739,0,26.99896
23.37999,26.7068,0,26.99896
23.39999,26.70621,0,26.99896
23.41999,26.70563,0,26.99896
23.43999,26.70504,0,26.99896
23.45999,26.70446,0,26.99896
23.47999,26.70388,0,26.99896
23.49999,26.7033,0,26.99896
23.51999,26.70272,0,26.99896
23.53999,26.70214,0,26.99896
23.55999,26.70157,0,26.99896
23.57999,26.701,0,26.99896
23.59999,26.70043,0,26.99896
23.61999,26.69986,0,26.99896
23.63999,26.69929,0,26.99896
23.65999,26.69872,0,26.99896
23.67999,26.69816,0,26.99896
23.69999,26.6976,0,26.99896
23.71999,26.69703,0,26.99896
23.73999,26.69647,0,26.99896
23.75999,26.69592,0,26.99896
23.77999,26.69536,0,26.99896
23.79999,26.6948,0,26.99896
23.81999,26.69425,0,26.99896
23.83999,26.6937,0,26.99896
23.85999,26.69315,0,26.99896
23.87999,26.6926,0,26.99896
23.89999,26.69205,0,26.99896
23.91999,26.6915,0,26.99896
23.93999,26.69096,0,26.99896
23.95999,26.69041,0,26.99896
23.97999,26.68987,0,26.99896
23.99999,26.68933,0,26.99896
24.01999,26.6888,0,26.99896
24.03999,26.68826,0,26.99896
24.05999,26.68772,0,26.99896
24.07999,26.68719,0,26.99896
24.09999,26.68666,0,26.99896
24.11999,26.68612,0,26.99896
24.13999,26.68559,0,26.99896
24.15999,26.68507,0,26.99896
24.17999,26.68454,0,26.99896
24.19999,26.68402,0,26.99896
24.21999,26.68349,0,26.99896
24.23999,26.68297,0,26.99896
24.25999,26.68245,0,26.99896
24.27999,26.68193,0,26.99896
24.29999,26.68141,0,26.99896
24.31999,26.68089,0,26.99896
24.33999,26.68038,0,26.99896
24.35999,26.67986,0,26.99896
24.37999,26.67935,0,26.99896
24.39999,26.67884,0,26.99896
24.41999,26.67833,0,26.99896
24.43999,26.67782,0,26.99896
24.45999,26.67732,0,26.99896
24.47999,26.67681,0,26.99896
24.49999,26.67631,0,26.99896
24.51999,26.67581,0,26.99896
24.53999,26.6753,0,26.99896
24.55999,26.6748,0,26.99896
24.57999,26.67431,0,26.99896
24.59999,26.67381,0,26.99896
24.61999,26.67332,0,26.99896
24.63999,26.67282,0,26.99896
24.65999,26.67233,0,26.99896
24.67999,26.67184,0,26.99896
24.69999,26.67135,0,26.99896
24.71999,26.67086,0,26.99896
24.73999,26.67037,0,26.99896
24.75999,26.66989,0,26.99896
24.77999,26.6694,0,26.99896
24.79999,26.66892,0,26.99896
24.81999,26.66844,0,26.99896
24.83999,26.66796,0,26.99896
24.85999,26.66748,0,26.99896
24.87999,26.667,0,26.99896
24.89999,26.66652,0,26.99896
24.91999,26.66605,0,26.99896
24.93999,26.66558,0,26.99896
24.95999,26.6651,0,26.99896
24.97999,26.66463,0,26.99896
24.99999,26.66416,0,26.99896
25.01999,26.66369,0,26.99896
25.03999,26.66323,0,26.99896
25.05999,26.66276,0,26.99896
25.07999,26.66229,0,26.99896
25.09999,26.66183,0,26.99896
25.11999,26.66137,0,26.99896
25.13999,26.66091,0,26.99896
25.15999,26.66045,0,26.99896
25.17999,26.65999,0,26.99896
25.19999,26.65953,0,26.99896
25.21999,26.65908,0,26.99896
25.23999,26.65862,0,26.99896
25.25999,26.65817,0,26.99896
25.27999,26.65772,0,26.99896
25.29999,26.65727,0,26.99896
25.31999,26.65682,0,26.99896
25.33999,26.65637,0,26.99896
25.35999,26.65592,0,26.99896
25.37999,26.65548,0,26.99896
25.39999,26.65503,0,26.99896
25.41999,26.65459,0,26.99896
25.43999,26.65415,0,26.99896
25.45999,26.65371,0,26.99896
25.47999,26.65327,0,26.99896
25.49999,26.65283,0,26.99896
25.51999,26.65239,0,26.99896
25.53999,26.65196,0,26.99896
25.55999,26.65152,0,26.99896
25.57999,26.65109,0,26.99896
25.59999,26.65066,0,26.99896
25.61999,26.65022,0,26.99896
25.63999,26.6498,0,26.99896
25.65999,26.64937,0,26.99896
25.67999,26.64894,0,26.99896
25.69999,26.64851,0,26.99896
25.71999,26.64809,0,26.99896
25.73999,26.64767,0,26.99896
25.75999,26.64724,0,26.99896
25.77999,26.64682,0,26.99896
25.79999,26.6464,0,26.99896
25.81999,26.64598,0,26.99896
25.83999,26.64556,0,26.99896
25.85999,26.64515,0,26.99896
25.87999,26.64473,0,26.99896
25.89999,26.64432,0,26.99896
25.91999,26.6439,0,26.99896
25.93999,26.64349,0,26.99896
25.95999,26.64308,0,26.99896
25.97999,26.64267,0,26.99896
25.99999,26.64226,0,26.99896
26.01999,26.64186,0,26.99896
26.03999,26.64145,0,26.99896
26.05999,26.64104,0,26.99896
26.07999,26.64064,0,26.99896
26.09999,26.64024,0,26.99896
26.11999,26.63984,0,26.99896
26.13999,26.63943,0,26.99896
26.15999,26.63903,0,26.99896
26.17999,26.63864,0,26.99896
26.19999,26.63824,0,26.99896
26.21999,26.63784,0,26.99896
26.23999,26.63745,0,26.99896
26.25999,26.63705,0,26.99896
26.27999,26.63666,0,26.99896
26.29999,26.63627,0,26.99896
26.31999,26.63588,0,26.99896
26.33999,26.63549,0,26.99896
26.35999,26.6351,0,26.99896
26.37999,26.63471,0,26.99896
26.39999,26.63433,0,26.99896
26.41999,26.63394,0,26.99896
26.43999,26.63356,0,26.99896
26.45999,26.63317,0,26.99896
26.47999,26.63279,0,26.99896
26.49999,26.63241,0,26.99896
26.51999,26.63203,0,26.99896
26.53999,26.63165,0,26.99896
26.55999,26.63127,0,26.99896
26.57999,26.6309,0,26.99896
26.59999,26.63052,0,26.99896
26.61999,26.63015,0,26.99896
26.63999,26.62977,0,26.99896
26.65999,26.6294,0,26.99896
26.67999,26.62903,0,26.99896
26.69999,26.62866,0,26.99896
26.71999,26.62829,0,26.99896
26.73999,26.62792,0,26.99896
26.75999,26.62755,0,26.99896
26.77999,26.62719,0,26.99896
26.79999,26.62682,0,26.99896
26.81999,26.62646,0,26.99896
26.83999,26.62609,0,26.99896
26.85999,26.62573,0,26.99896
26.87999,26.62537,0,26.99896
26.89999,26.62501,0,26.99896
26.91999,26.62465,0,26.99896
26.93999,26.62429,0,26.99896
26.95999,26.62393,0,26.99896
26.97999,26.62358,0,26.99896
26.99999,26.62322,0,26.99896
27.01999,26.62287,0,26.99896
27.03999,26.62251,0,26.99896
27.05999,26.62216,0,26.99896
27.07999,26.62181,0,26.99896
27.09999,26.62146,0,26.99896
27.11999,26.62111,0,26.99896
27.13999,26.62076,0,26.99896
27.15999,26.62041,0,26.99896
27.17999,26.62007,0,26.99896
27.19999,26.61972,0,26.99896
27.21999,26.61938,0,26.99896
27.23999,26.61903,0,26.99896
27.25999,26.61869,0,26.99896
27.27999,26.61835,0,26.99896
27.29999,26.61801,0,26.99896
27.31999,26.61767,0,26.99896
27.33999,26.61733,0,26.99896
27.35999,26.61699,0,26.99896
27.37999,26.61665,0,26.99896
27.39999,26.61632,0,26.99896
27.41999,26.61598,0,26.99896
27.43999,26.61565,0,26.99896
27.45999,26.61531,0,26.99896
27.47999,26.61498,0,26.99896
27.49999,26.61465,0,26.99896
27.51999,26.61432,0,26.99896
27.53999,26.61399,0,26.99896
27.55999,26.61366,0,26.99896
27.57999,26.61333,0,26.99896
27.59999,26.61301,0,26.99896
27.61999,26.61268,0,26.99896
27.63999,26.61236,0,26.99896
27.65999,26.61203,0,26.99896
27.67999,26.61171,0,26.99896
27.69999,26.61139,0,26.99896
27.71999,26.61107,0,26.99896
27.73999,26.61075,0,26.99896
27.75999,26.61043,0,26.99896
27.77999,26.61011,0,26.99896
27.79999,26.60979,0,26.99896
27.81999,26.60947,0,26.99896
27.83999,26.60916,0,26.99896
27.85999,26.60884,0,26.99896
27.87999,26.60853,0,26.99896
27.89999,26.60821,0,26.99896
27.91999,26.6079,0,26.99896
27.93999,26.60759,0,26.99896
27.95999,26.60728,0,26.99896
27.97999,26.60697,0,26.99896
27.99999,26.60666,0,26.99896
28.01999,26.60635,0,26.99896
28.03999,26.60604,0,26.99896
28.05999,26.60574,0,26.99896
28.07999,26.60543,0,26.99896
28.09999,26.60513,0,26.99896
28.11999,26.60482,0,26.99896
28.13999,26.60452,0,26.99896
28.15999,26.60422,0,26.99896
28.17999,26.60392,0,26.99896
28.19999,26.60361,0,26.99896
28.21999,26.60332,0,26.99896
28.23999,26.60302,0,26.99896
28.25999,26.60272,0,26.99896
28.27999,26.60242,0,26.99896
28.29999,26.60213,0,26.99896
28.31999,26.60183,0,26.99896
28.33999,26.60153,0,26.99896
28.35999,26.60124,0,26.99896
28.37999,26.60095,0,26.99896
28.39999,26.60065,0,26.99896
28.41999,26.60036,0,26.99896
28.43999,26.60007,0,26.99896
28.45999,26.59978,0,26.99896
28.47999,26.59949,0,26.99896
28.49999,26.59921,0,26.99896
28.51999,26.59892,0,26.99896
28.53999,26.59863,0,26.99896
28.55999,26.59834,0,26.99896
28.57999,26.59806,0,26.99896
28.59999,26.59778,0,26.99896
28.61999,26.59749,0,26.99896
28.63999,26.59721,0,26.99896
28.65999,26.59693,0,26.99896
28.67999,26.59665,0,26.99896
28.69999,26.59637,0,26.99896
28.71999,26.59609,0,26.99896
28.73999,26.59581,0,26.99896
28.75999,26.59553,0,26.99896
28.77999,26.59525,0,26.99896
28.79999,26.59498,0,26.99896
28.81999,26.5947,0,26.99896
28.83999,26.59443,0,26.99896
28.85999,26.59415,0,26.99896
28.87999,26.59388,0,26.99896
28.89999,26.59361,0,26.99896
28.91999,26.59333,0,26.99896
28.93999,26.59306,0,26.99896
28.95999,26.59279,0,26.99896
28.97999,26.59252,0,26.99896
28.99999,26.59225,0,26.99896
29.01999,26.59198,0,26.99896
29.03999,26.59172,0,26.99896
29.05999,26.59145,0,26.99896
29.07999,26.59118,0,26.99896
29.09999,26.59092,0,26.99896
29.11999,26.59065,0,26.99896
29.13999,26.59039,0,26.99896
29.15999,26.59013,0,26.99896
29.17999,26.58987,0,26.99896
29.19999,26.58961,0,26.99896
29.21999,26.58934,0,26.99896
29.23999,26.58908,0,26.99896
29.25999,26.58883,0,26.99896
29.27999,26.58857,0,26.99896
29.29999,26.58831,0,26.99896
29.31999,26.58805,0,26.99896
29.33999,26.5878,0,26.99896
29.35999,26.58754,0,26.99896
29.37999,26.58728,0,26.99896
29.39999,26.58703,0,26.99896
29.41999,26.58678,0,26.99896
29.43999,26.58652,0,26.99896
29.45999,26.58627,0,26.99896
29.47999,26.58602,0,26.99896
29.49999,26.58577,0,26.99896
29.51999,26.58552,0,26.99896
29.53999,26.58527,0,26.99896
29.55999,26.58502,0,26.99896
29.57999,26.58477,0,26.99896
29.59999,26.58453,0,26.99896
29.61999,26.58428,0,26.99896
29.63999,26.58403,0,26.99896
29.65999,26.58379,0,26.99896
29.67999,26.58354,0,26.99896
29.69999,26.5833,0,26.99896
29.71999,26.58306,0,26.99896
29.73999,26.58282,0,26.99896
29.75999,26.58257,0,26.99896
29.77999,26.58233,0,26.99896
29.79999,26.58209,0,26.99896
29.81999,26.58185,0,26.99896
29.83999,26.58161,0,26.99896
29.85999,26.58138,0,26.99896
29.87999,26.58114,0,26.99896
29.89999,26.5809,0,26.99896
29.91999,26.58066,0,26.99896
29.93999,26.58043,0,26.99896
29.95999,26.58019,0,26.99896
29.97999,26.57996,0,26.99896
29.99999,26.57972,0,26.99896
30.01999,26.57949,0,26.99896
30.03999,26.57926,0,26.99896
30.05999,26.57903,0,26.99896
30.07999,26.57879,0,26.99896
30.09999,26.57856,0,26.99896
30.11999,26.57833,0,26.99896
30.13999,26.5781,0,26.99896
30.15999,26.57788,0,26.99896
30.17999,26.57765,0,26.99896
30.19999,26.57742,0,26.99896
30.21999,26.57719,0,26.99896
30.23999,26.57697,0,26.99896
30.25999,26.57674,0,26.99896
30.27999,26.57652,0,26.99896
30.29999,26.57629,0,26.99896
30.31999,26.57607,0,26.99896
30.33999,26.57584,0,26.99896
30.35999,26.57562,0,26.99896
30.37999,26.5754,0,26.99896
30.39999,26.57518,0,26.99896
30.41999,26.57496,0,26.99896
30.43999,26.57474,0,26.99896
30.45999,26.57452,0,26.99896
30.47999,26.5743,0,26.99896
30.49999,26.57408,0,26.99896
30.51999,26.57386,0,26.99896
30.53999,26.57365,0,26.99896
30.55999,26.57343,0,26.99896
30.57999,26.57322,0,26.99896
30.59999,26.573,0,26.99896
30.61999,26.57279,0,26.99896
30.63999,26.57257,0,26.99896
30.65999,26.57236,0,26.99896
30.67999,26.57215,0,26.99896
30.69999,26.57194,0,26.99896
30.71999,26.57172,0,26.99896
30.73999,26.57151,0,26.99896
30.75999,26.5713,0,26.99896
30.77999,26.57109,0,26.99896
30.79999,26.57088,0,26.99896
30.81999,26.57067,0,26.99896
30.83999,26.57047,0,26.99896
30.85999,26.57026,0,26.99896
30.87999,26.57005,0,26.99896
30.89999,26.56985,0,26.99896
30.91999,26.56964,0,26.99896
30.93999,26.56944,0,26.99896
30.95999,26.56923,0,26.99896
30.97999,26.56903,0,26.99896
30.99999,26.56882,0,26.99896
31.01999,26.56862,0,26.99896
31.03999,26.56842,0,26.99896
31.05999,26.56822,0,26.99896
31.07999,26.56802,0,26.99896
31.09999,26.56782,0,26.99896
31.11999,26.56762,0,26.99896
31.13999,26.56742,0,26.99896
31.15999,26.56722,0,26.99896
31.17999,26.56702,0,26.99896
31.19999,26.56682,0,26.99896
31.21999,26.56662,0,26.99896
31.23999,26.56643,0,26.99896
31.25999,26.56623,0,26.99896
31.27999,26.56603,0,26.99896
31.29999,26.56584,0,26.99896
31.31999,26.56565,0,26.99896
31.33999,26.56545,0,26.99896
31.35999,26.56526,0,26.99896
31.37999,26.56507,0,26.99896
31.39999,26.56487,0,26.99896
31.41999,26.56468,0,26.99896
31.43999,26.56449,0,26.99896
31.45999,26.5643,0,26.99896
31.47999,26.56411,0,26.99896
31.49999,26.56392,0,26.99896
31.51999,26.56373,0,26.99896
31.53999,26.56354,0,26.99896
31.55999,26.56335,0,26.99896
31.57999,26.56317,0,26.99896
31.59999,26.56298,0,26.99896
31.61999,26.56279,0,26.99896
31.63999,26.5626,0,26.99896
31.65999,26.56242,0,26.99896
31.67999,26.56223,0,26.99896
31.69999,26.56205,0,26.99896
31.71999,26.56187,0,26.99896
31.73999,26.56168,0,26.99896
31.75999,26.5615,0,26.99896
31.77999,26.56132,0,26.99896
31.79999,26.56114,0,26.99896
31.81999,26.56096,0,26.99896
31.83999,26.56077,0,26.99896
31.85999,26.56059,0,26.99896
31.87999,26.56041,0,26.99896
31.89999,26.56023,0,26.99896
31.91999,26.56005,0,26.99896
31.93999,26.55988,0,26.99896
31.95999,26.5597,0,26.99896
31.97999,26.55952,0,26.99896
31.99999,26.55934,0,26.99896
32.01999,26.55917,0,26.99896
32.03999,26.55899,0,26.99896
32.05999,26.55882,0,26.99896
32.07999,26.55864,0,26.99896
32.09999,26.55847,0,26.99896
32.11999,26.55829,0,26.99896
32.13999,26.55812,0,26.99896
32.15999,26.55795,0,26.99896
32.17999,26.55778,0,26.99896
32.19999,26.5576,0,26.99896
32.21999,26.55743,0,26.99896
32.23999,26.55726,0,26.99896
32.25999,26.55709,0,26.99896
32.27999,26.55692,0,26.99896
32.29999,26.55675,0,26.99896
32.31999,26.55658,0,26.99896
32.33999,26.55641,0,26.99896
32.35999,26.55625,0,26.99896
32.37999,26.55608,0,26.99896
32.39999,26.55591,0,26.99896
32.41999,26.55574,0,26.99896
32.43999,26.55558,0,26.99896
32.45999,26.55541,0,26.99896
32.47999,26.55525,0,26.99896
32.49999,26.55508,0,26.99896
32.51999,26.55492,0,26.99896
32.53999,26.55475,0,26.99896
32.55999,26.55459,0,26.99896
32.57999,26.55443,0,26.99896
32.59999,26.55426,0,26.99896
32.61999,26.5541,0,26.99896
32.63999,26.55394,0,26.99896
32.65999,26.55378,0,26.99896
32.67999,26.55362,0,26.99896
32.69999,26.55346,0,26.99896
32.71999,26.5533,0,26.99896
32.73999,26.55314,0,26.99896
32.75999,26.55298,0,26.99896
32.77999,26.55282,0,26.99896
32.79999,26.55266,0,26.99896
32.81999,26.5525,0,26.99896
32.83999,26.55235,0,26.99896
32.85999,26.55219,0,26.99896
32.87999,26.55203,0,26.99896
32.89999,26.55188,0,26.99896
32.91999,26.55172,0,26.99896
32.93999,26.55157,0,26.99896
32.95999,26.55141,0,26.99896
32.97999,26.55126,0,26.99896
32.99999,26.5511,0,26.99896
33.01999,26.55095,0,26.99896
33.03999,26.5508,0,26.99896
33.05999,26.55065,0,26.99896
33.07999,26.55049,0,26.99896
33.09999,26.55034,0,26.99896
33.11999,26.55019,0,26.99896
33.13999,26.55004,0,26.99896
33.15999,26.54989,0,26.99896
33.17999,26.54974,0,26.99896
33.19999,26.54959,0,26.99896
33.21999,26.54944,0,26.99896
33.23999,26.54929,0,26.99896
33.25999,26.54914,0,26.99896
33.27999,26.54899,0,26.99896
33.29999,26.54885,0,26.99896
33.31999,26.5487,0,26.99896
33.33999,26.54855,0,26.99896
33.35999,26.54841,0,26.99896
33.37999,26.54826,0,26.99896
33.39999,26.54812,0,26.99896
33.41999,26.54797,0,26.99896
33.43999,26.54783,0,26.99896
33.45999,26.54768,0,26.99896
33.47999,26.54754,0,26.99896
33.49999,26.5474,0,26.99896
33.51999,26.54725,0,26.99896
33.53999,26.54711,0,26.99896
33.55999,26.54697,0,26.99896
33.57999,26.54683,0,26.99896
33.59999,26.54668,0,26.99896
33.61999,26.54654,0,26.99896
33.63999,26.5464,0,26.99896
33.65999,26.54626,0,26.99896
33.67999,26.54612,0,26.99896
33.69999,26.54598,0,26.99896
33.71999,26.54584,0,26.99896
33.73999,26.5457,0,26.99896
33.75999,26.54556,0,26.99896
33.77999,26.54543,0,26.99896
33.79999,26.54529,0,26.99896
33.81999,26.54515,0,26.99896
33.83999,26.54502,0,26.99896
33.85999,26.54488,0,26.99896
33.87999,26.54474,0,26.99896
33.89999,26.54461,0,26.99896
33.91999,26.54447,0,26.99896
33.93999,26.54434,0,26.99896
33.95999,26.5442,0,26.99896
33.97999,26.54407,0,26.99896
33.99999,26.54393,0,26.99896
34.01999,26.5438,0,26.99896
34.03999,26.54367,0,26.99896
34.05999,26.54353,0,26.99896
34.07999,26.5434,0,26.99896
34.09999,26.54327,0,26.99896
34.11999,26.54314,0,26.99896
34.13999,26.54301,0,26.99896
34.15999,26.54288,0,26.99896
34.17999,26.54275,0,26.99896
34.19999,26.54262,0,26.99896
34.21999,26.54249,0,26.99896
34.23999,26.54236,0,26.99896
34.25999,26.54223,0,26.99896
34.27999,26.5421,0,26.99896
34.29999,26.54197,0,26.99896
34.31999,26.54184,0,26.99896
34.33999,26.54172,0,26.99896
34.35999,26.54159,0,26.99896
34.37999,26.54146,0,26.99896
34.39999,26.54133,0,26.99896
34.41999,26.54121,0,26.99896
34.43999,26.54108,0,26.99896
34.45999,26.54096,0,26.99896
34.47999,26.54083,0,26.99896
34.49999,26.54071,0,26.99896
34.51999,26.54058,0,26.99896
34.53999,26.54046,0,26.99896
34.55999,26.54033,0,26.99896
34.57999,26.54021,0,26.99896
34.59999,26.54009,0,26.99896
34.61999,26.53996,0,26.99896
34.63999,26.53984,0,26.99896
34.65999,26.53972,0,26.99896
34.67999,26.5396,0,26.99896
34.69999,26.53948,0,26.99896
34.71999,26.53936,0,26.99896
34.73999,26.53924,0,26.99896
34.75999,26.53912,0,26.99896
34.77999,26.539,0,26.99896
34.79999,26.53888,0,26.99896
34.81999,26.53876,0,26.99896
34.83999,26.53864,0,26.99896
34.85999,26.53852,0,26.99896
34.87999,26.5384,0,26.99896
34.89999,26.53828,0,26.99896
34.91999,26.53816,0,26.99896
34.93999,26.53805,0,26.99896
34.95999,26.53793,0,26.99896
34.97999,26.53781,0,26.99896
34.99999,26.5377,0,26.99896
35.01999,26.53758,0,26.99896
35.03999,26.53746,0,26.99896
35.05999,26.53735,0,26.99896
35.07999,26.53723,0,26.99896
35.09999,26.53712,0,26.99896
35.11999,26.537,0,26.99896
35.13999,26.53689,0,26.99896
35.15999,26.53678,0,26.99896
35.17999,26.53666,0,26.99896
35.19999,26.53655,0,26.99896
35.21999,26.53644,0,26.99896
35.23999,26.53632,0,26.99896
35.25999,26.53621,0,26.99896
35.27999,26.5361,0,26.99896
35.29999,26.53599,0,26.99896
35.31999,26.53588,0,26.99896
35.33999,26.53576,0,26.99896
35.35999,26.53565,0,26.99896
35.37999,26.53554,0,26.99896
35.39999,26.53543,0,26.99896
35.41999,26.53532,0,26.99896
35.43999,26.53521,0,26.99896
35.45999,26.5351,0,26.99896
35.47999,26.535,0,26.99896
35.49999,26.53489,0,26.99896
35.51999,26.53478,0,26.99896
35.53999,26.53467,0,26.99896
35.55999,26.53456,0,26.99896
35.57999,26.53446,0,26.99896
35.59999,26.53435,0,26.99896
35.61999,26.53424,0,26.99896
35.63999,26.53414,0,26.99896
35.65999,26.53403,0,26.99896
35.67999,26.53392,0,26.99896
35.69999,26.53382,0,26.99896
35.71999,26.53371,0,26.99896
35.73999,26.53361,0,26.99896
35.75999,26.5335,0,26.99896
35.77999,26.5334,0,26.99896
35.79999,26.53329,0,26.99896
35.81999,26.53319,0,26.99896
35.83999,26.53309,0,26.99896
35.85999,26.53299,0,26.99896
35.87999,26.53288,0,26.99896
35.89999,26.53278,0,26.99896
35.91999,26.53268,0,26.99896
35.93999,26.53257,0,26.99896
35.95999,26.53247,0,26.99896
35.97999,26.53237,0,26.99896
35.99999,26.53227,0,26.99896
36.01999,26.53217,0,26.99896
36.03999,26.53207,0,26.99896
36.05999,26.53197,0,26.99896
36.07999,26.53187,0,26.99896
36.09999,26.53177,0,26.99896
36.11999,26.53167,0,26.99896
36.13999,26.53157,0,26.99896
36.15999,26.53147,0,26.99896
36.17999,26.53137,0,26.99896
36.19999,26.53127,0,26.99896
36.21999,26.53118,0,26.99896
36.23999,26.53108,0,26.99896
36.25999,26.53098,0,26.99896
36.27999,26.53088,0,26.99896
36.29999,26.53079,0,26.99896
36.31999,26.53069,0,26.99896
36.33999,26.53059,0,26.99896
36.35999,26.5305,0,26.99896
36.37999,26.5304,0,26.99896
36.39999,26.53031,0,26.99896
36.41999,26.53021,0,26.99896
36.43999,26.53012,0,26.99896
36.45999,26.53002,0,26.99896
36.47999,26.52992,0,26.99896
36.49999,26.52983,0,26.99896
36.51999,26.52974,0,26.99896
36.53999,26.52964,0,26.99896
36.55999,26.52955,0,26.99896
36.57999,26.52946,0,26.99896
36.59999,26.52936,0,26.99896
36.61999,26.52927,0,26.99896
36.63999,26.52918,0,26.99896
36.65999,26.52909,0,26.99896
36.67999,26.52899,0,26.99896
36.69999,26.5289,0,26.99896
36.71999,26.52881,0,26.99896
36.73999,26.52872,0,26.99896
36.75999,26.52863,0,26.99896
36.77999,26.52854,0,26.99896
36.79999,26.52845,0,26.99896
36.81999,26.52836,0,26.99896
36.83999,26.52827,0,26.99896
36.85999,26.52818,0,26.99896
36.87999,26.52809,0,26.99896
36.89999,26.528,0,26.99896
36.91999,26.52791,0,26.99896
36.93999,26.52782,0,26.99896
36.95999,26.52773,0,26.99896
36.97999,26.52764,0,26.99896
36.99999,26.52756,0,26.99896
37.01999,26.52747,0,26.99896
37.03999,26.52738,0,26.99896
37.05999,26.52729,0,26.99896
37.07999,26.5272,0,26.99896
37.09999,26.52712,0,26.99896
37.11999,26.52703,0,26.99896
37.13999,26.52695,0,26.99896
37.15999,26.52686,0,26.99896
37.17999,26.52677,0,26.99896
37.19999,26.52669,0,26.99896
37.21999,26.5266,0,26.99896
37.23999,26.52652,0,26.99896
37.25999,26.52643,0,26.99896
37.27999,26.52635,0,26.99896
37.29999,26.52626,0,26.99896
37.31999,26.52618,0,26.99896
37.33998,26.52609,0,26.99896
37.35999,26.52601,0,26.99896
37.37999,26.52593,0,26.99896
37.39999,26.52584,0,26.99896
37.41999,26.52576,0,26.99896
37.43999,26.52568,0,26.99896
37.45999,26.52559,0,26.99896
37.47999,26.52551,0,26.99896
37.49999,26.52543,0,26.99896
37.51999,26.52535,0,26.99896
37.53999,26.52527,0,26.99896
37.55999,26.52518,0,26.99896
37.57999,26.5251,0,26.99896
37.59999,26.52502,0,26.99896
37.61999,26.52494,0,26.99896
37.63999,26.52486,0,26.99896
37.65999,26.52478,0,26.99896
37.67999,26.5247,0,26.99896
37.69999,26.52462,0,26.99896
37.71999,26.52454,0,26.99896
37.73999,26.52446,0,26.99896
37.75999,26.52438,0,26.99896
37.77999,26.5243,0,26.99896
37.79999,26.52423,0,26.99896
37.81999,26.52415,0,26.99896
37.83998,26.52407,0,26.99896
37.85999,26.52399,0,26.99896
37.87999,26.52391,0,26.99896
37.89999,26.52383,0,26.99896
37.91999,26.52376,0,26.99896
37.93999,26.52368,0,26.99896
37.95999,26.5236,0,26.99896
37.97999,26.52353,0,26.99896
37.99998,26.52345,0,26.99896
38.01999,26.52337,0,26.99896
38.03999,26.5233,0,26.99896
38.05999,26.52322,0,26.99896
38.07999,26.52315,0,26.99896
38.09999,26.52307,0,26.99896
38.11999,26.52299,0,26.99896
38.13999,26.52292,0,26.99896
38.15998,26.52285,0,26.99896
38.17999,26.52277,0,26.99896
38.19999,26.5227,0,26.99896
38.21999,26.52262,0,26.99896
38.23999,26.52255,0,26.99896
38.25999,26.52247,0,26.99896
38.27999,26.5224,0,26.99896
38.29999,26.52233,0,26.99896
38.31999,26.52225,0,26.99896
38.33998,26.52218,0,26.99896
38.35999,26.52211,0,26.99896
38.37999,26.52204,0,26.99896
38.39999,26.52197,0,26.99896
38.41999,26.52189,0,26.99896
38.43999,26.52182,0,26.99896
38.45999,26.52175,0,26.99896
38.47999,26.52168,0,26.99896
38.49998,26.5216,0,26.99896
38.51999,26.52153,0,26.99896
38.53999,26.52146,0,26.99896
38.55999,26.52139,0,26.99896
38.57999,26.52132,0,26.99896
38.59999,26.52125,0,26.99896
38.61999,26.52118,0,26.99896
38.63999,26.52111,0,26.99896
38.65998,26.52104,0,26.99896
38.67999,26.52097,0,26.99896
38.69999,26.5209,0,26.99896
38.71999,26.52083,0,26.99896
38.73999,26.52076,0,26.99896
38.75999,26.52069,0,26.99896
38.77999,26.52063,0,26.99896
38.79999,26.52056,0,26.99896
38.81998,26.52049,0,26.99896
38.83998,26.52042,0,26.99896
38.85999,26.52035,0,26.99896
38.87999,26.52028,0,26.99896
38.89999,26.52022,0,26.99896
38.91999,26.52015,0,26.99896
38.93999,26.52008,0,26.99896
38.95999,26.52002,0,26.99896
38.97998,26.51995,0,26.99896
38.99998,26.51988,0,26.99896
39.01999,26.51982,0,26.99896
39.03999,26.51975,0,26.99896
39.05999,26.51968,0,26.99896
39.07999,26.51962,0,26.99896
39.09999,26.51955,0,26.99896
39.11999,26.51949,0,26.99896
39.13999,26.51942,0,26.99896
39.15998,26.51936,0,26.99896
39.17999,26.51929,0,26.99896
39.19999,26.51923,0,26.99896
39.21999,26.51916,0,26.99896
39.23999,26.5191,0,26.99896
39.25999,26.51903,0,26.99896
39.27999,26.51897,0,26.99896
39.29999,26.5189,0,26.99896
39.31998,26.51884,0,26.99896
39.33998,26.51878,0,26.99896
39.35999,26.51871,0,26.99896
39.37999,26.51865,0,26.99896
39.39999,26.51859,0,26.99896
39.41999,26.51853,0,26.99896
39.43999,26.51846,0,26.99896
39.45999,26.5184,0,26.99896
39.47998,26.51834,0,26.99896
39.49998,26.51827,0,26.99896
39.51999,26.51821,0,26.99896
39.53999,26.51815,0,26.99896
39.55999,26.51809,0,26.99896
39.57999,26.51803,0,26.99896
39.59999,26.51797,0,26.99896
39.61999,26.51791,0,26.99896
39.63998,26.51785,0,26.99896
39.65998,26.51779,0,26.99896
39.67999,26.51772,0,26.99896
39.69999,26.51766,0,26.99896
39.71999,26.5176,0,26.99896
39.73999,26.51754,0,26.99896
39.75999,26.51748,0,26.99896
39.77999,26.51743,0,26.99896
39.79999,26.51737,0,26.99896
39.81998,26.51731,0,26.99896
39.83998,26.51725,0,26.99896
39.85999,26.51719,0,26.99896
39.87999,26.51713,0,26.99896
39.89999,26.51707,0,26.99896
39.91999,26.51701,0,26.99896
39.93999,26.51695,0,26.99896
39.95999,26.51689,0,26.99896
39.97998,26.51684,0,26.99896
39.99998,26.51678,0,26.99896
40.01999,26.51672,0,26.99896
40.03999,26.51666,0,26.99896
40.05999,26.51661,0,26.99896
40.07999,26.51655,0,26.99896
40.09999,26.51649,0,26.99896
40.11999,26.51644,0,26.99896
40.13998,26.51638,0,26.99896
40.15998,26.51632,0,26.99896
40.17999,26.51626,0,26.99896
40.19999,26.51621,0,26.99896
40.21999,26.51615,0,26.99896
40.23999,26.5161,0,26.99896
40.25999,26.51604,0,26.99896
40.27999,26.51599,0,26.99896
40.29998,26.51593,0,26.99896
40.31998,26.51587,0,26.99896
40.33998,26.51582,0,26.99896
40.35999,26.51576,0,26.99896
40.37999,26.51571,0,26.99896
40.39999,26.51565,0,26.99896
40.41999,26.5156,0,26.99896
40.43999,26.51554,0,26.99896
40.45998,26.51549,0,26.99896
40.47998,26.51544,0,26.99896
40.49998,26.51538,0,26.99896
40.51999,26.51533,0,26.99896
40.53999,26.51528,0,26.99896
40.55999,26.51522,0,26.99896
40.57999,26.51517,0,26.99896
40.59999,26.51512,0,26.99896
40.61999,26.51506,0,26.99896
40.63998,26.51501,0,26.99896
40.65998,26.51496,0,26.99896
40.67999,26.5149,0,26.99896
40.69999,26.51485,0,26.99896
40.71999,26.5148,0,26.99896
40.73999,26.51475,0,26.99896
40.75999,26.51469,0,26.99896
40.77999,26.51464,0,26.99896
40.79998,26.51459,0,26.99896
40.81998,26.51454,0,26.99896
40.83998,26.51449,0,26.99896
40.85999,26.51444,0,26.99896
40.87999,26.51439,0,26.99896
40.89999,26.51433,0,26.99896
40.91999,26.51428,0,26.99896
40.93999,26.51423,0,26.99896
40.95998,26.51418,0,26.99896
40.97998,26.51413,0,26.99896
40.99998,26.51408,0,26.99896
41.01999,26.51403,0,26.99896
41.03999,26.51398,0,26.99896
41.05999,26.51393,0,26.99896
41.07999,26.51388,0,26.99896
41.09999,26.51383,0,26.99896
41.11998,26.51378,0,26.99896
41.13998,26.51373,0,26.99896
41.15998,26.51368,0,26.99896
41.17999,26.51363,0,26.99896
41.19999,26.51358,0,26.99896
41.21999,26.51353,0,26.99896
41.23999,26.51348,0,26.99896
41.25999,26.51344,0,26.99896
41.27998,26.51339,0,26.99896
41.29998,26.51334,0,26.99896
41.31998,26.51329,0,26.99896
41.33998,26.51325,0,26.99896
41.35999,26.5132,0,26.99896
41.37999,26.51315,0,26.99896
41.39999,26.5131,0,26.99896
41.41999,26.51306,0,26.99896
41.43999,26.51301,0,26.99896
41.45998,26.51296,0,26.99896
41.47998,26.51291,0,26.99896
41.49998,26.51287,0,26.99896
41.51999,26.51282,0,26.99896
41.53999,26.51277,0,26.99896
41.55999,26.51273,0,26.99896
41.57999,26.51268,0,26.99896
41.59999,26.51263,0,26.99896
41.61998,26.51259,0,26.99896
41.63998,26.51254,0,26.99896
41.65998,26.5125,0,26.99896
41.67999,26.51245,0,26.99896
41.69999,26.51241,0,26.99896
41.71999,26.51236,0,26.99896
41.73999,26.51231,0,26.99896
41.75999,26.51227,0,26.99896
41.77998,26.51222,0,26.99896
41.79998,26.51218,0,26.99896
41.81998,26.51213,0,26.99896
41.83998,26.51209,0,26.99896
41.85999,26.51204,0,26.99896
41.87999,26.512,0,26.99896
41.89999,26.51196,0,26.99896
41.91999,26.51191,0,26.99896
41.93998,26.51187,0,26.99896
41.95998,26.51182,0,26.99896
41.97998,26.51178,0,26.99896
41.99998,26.51174,0,26.99896
42.01999,26.51169,0,26.99896
42.03999,26.51165,0,26.99896
42.05999,26.5116,0,26.99896
42.07999,26.51156,0,26.99896
42.09998,26.51152,0,26.99896
42.11998,26.51147,0,26.99896
42.13998,26.51143,0,26.99896
42.15998,26.51139,0,26.99896
42.17999,26.51134,0,26.99896
42.19999,26.5113,0,26.99896
42.21999,26.51126,0,26.99896
42.23999,26.51122,0,26.99896
42.25999,26.51118,0,26.99896
42.27998,26.51114,0,26.99896
42.29998,26.51109,0,26.99896
42.31998,26.51105,0,26.99896
42.33998,26.51101,0,26.99896
42.35999,26.51097,0,26.99896
42.37999,26.51093,0,26.99896
42.39999,26.51088,0,26.99896
42.41999,26.51084,0,26.99896
42.43998,26.5108,0,26.99896
42.45998,26.51076,0,26.99896
42.47998,26.51072,0,26.99896
42.49998,26.51068,0,26.99896
42.51999,26.51064,0,26.99896
42.53999,26.5106,0,26.99896
42.55999,26.51056,0,26.99896
42.57999,26.51052,0,26.99896
42.59998,26.51048,0,26.99896
42.61998,26.51044,0,26.99896
42.63998,26.5104,0,26.99896
42.65998,26.51036,0,26.99896
42.67999,26.51032,0,26.99896
42.69999,26.51028,0,26.99896
42.71999,26.51024,0,26.99896
42.73999,26.5102,0,26.99896
42.75998,26.51016,0,26.99896
42.77998,26.51012,0,26.99896
42.79998,26.51008,0,26.99896
42.81998,26.51004,0,26.99896
42.83998,26.51,0,26.99896
42.85999,26.50996,0,26.99896
42.87999,26.50992,0,26.99896
42.89999,26.50989,0,26.99896
42.91998,26.50985,0,26.99896
42.93998,26.50981,0,26.99896
42.95998,26.50977,0,26.99896
42.97998,26.50973,0,26.99896
42.99998,26.5097,0,26.99896
43.01999,26.50966,0,26.99896
43.03999,26.50962,0,26.99896
43.05999,26.50958,0,26.99896
43.07999,26.50954,0,26.99896
43.09998,26.5095,0,26.99896
43.11998,26.50947,0,26.99896
43.13998,26.50943,0,26.99896
43.15998,26.50939,0,26.99896
43.17999,26.50935,0,26.99896
43.19999,26.50932,0,26.99896
43.21999,26.50928,0,26.99896
43.23999,26.50924,0,26.99896
43.25998,26.50921,0,26.99896
43.27998,26.50917,0,26.99896
43.29998,26.50914,0,26.99896
43.31998,26.5091,0,26.99896
43.33998,26.50906,0,26.99896
43.35999,26.50903,0,26.99896
43.37999,26.50899,0,26.99896
43.39999,26.50896,0,26.99896
43.41998,26.50892,0,26.99896
43.43998,26.50888,0,26.99896
43.45998,26.50885,0,26.99896
43.47998,26.50881,0,26.99896
43.49998,26.50877,0,26.99896
43.51999,26.50874,0,26.99896
43.53999,26.5087,0,26.99896
43.55999,26.50867,0,26.99896
43.57998,26.50863,0,26.99896
43.59998,26.5086,0,26.99896
43.61998,26.50856,0,26.99896
43.63998,26.50853,0,26.99896
43.65998,26.5085,0,26.99896
43.67999,26.50846,0,26.99896
43.69999,26.50843,0,26.99896
43.71999,26.50839,0,26.99896
43.73998,26.50836,0,26.99896
43.75998,26.50832,0,26.99896
43.77998,26.50829,0,26.99896
43.79998,26.50826,0,26.99896
43.81998,26.50822,0,26.99896
43.83998,26.50819,0,26.99896
43.85999,26.50815,0,26.99896
43.87999,26.50812,0,26.99896
43.89999,26.50808,0,26.99896
43.91998,26.50805,0,26.99896
43.93998,26.50801,0,26.99896
43.95998,26.50798,0,26.99896
43.97998,26.50795,0,26.99896
43.99998,26.50792,0,26.99896
44.01999,26.50788,0,26.99896
44.03999,26.50785,0,26.99896
44.05999,26.50782,0,26.99896
44.07998,26.50779,0,26.99896
44.09998,26.50776,0,26.99896
44.11998,26.50772,0,26.99896
44.13998,26.50769,0,26.99896
44.15998,26.50766,0,26.99896
44.17999,26.50763,0,26.99896
44.19999,26.50759,0,26.99896
44.21999,26.50756,0,26.99896
44.23998,26.50753,0,26.99896
44.25998,26.5075,0,26.99896
44.27998,26.50746,0,26.99896
44.29998,26.50743,0,26.99896
44.31998,26.5074,0,26.99896
44.33998,26.50737,0,26.99896
44.35999,26.50733,0,26.99896
44.37999,26.5073,0,26.99896
44.39998,26.50727,0,26.99896
44.41998,26.50724,0,26.99896
44.43998,26.50721,0,26.99896
44.45998,26.50718,0,26.99896
44.47998,26.50715,0,26.99896
44.49998,26.50712,0,26.99896
44.51999,26.50709,0,26.99896
44.53999,26.50706,0,26.99896
44.55999,26.50703,0,26.99896
44.57998,26.507,0,26.99896
44.59998,26.50697,0,26.99896
44.61998,26.50694,0,26.99896
44.63998,26.50691,0,26.99896
44.65998,26.50688,0,26.99896
44.67999,26.50685,0,26.99896
44.69999,26.50681,0,26.99896
44.71999,26.50678,0,26.99896
44.73998,26.50675,0,26.99896
44.75998,26.50672,0,26.99896
44.77998,26.50669,0,26.99896
44.79998,26.50666,0,26.99896
44.81998,26.50663,0,26.99896
44.83998,26.50661,0,26.99896
44.85999,26.50658,0,26.99896
44.87999,26.50655,0,26.99896
44.89998,26.50652,0,26.99896
44.91998,26.50649,0,26.99896
44.93998,26.50646,0,26.99896
44.95998,26.50643,0,26.99896
44.97998,26.5064,0,26.99896
44.99998,26.50638,0,26.99896
45.01999,26.50635,0,26.99896
45.03999,26.50632,0,26.99896
45.05998,26.50629,0,26.99896
45.07998,26.50626,0,26.99896
45.09998,26.50623,0,26.99896
45.11998,26.5062,0,26.99896
45.13998,26.50618,0,26.99896
45.15998,26.50615,0,26.99896
45.17999,26.50612,0,26.99896
45.19999,26.50609,0,26.99896
45.21998,26.50606,0,26.99896
45.23998,26.50603,0,26.99896
45.25998,26.506,0,26.99896
45.27998,26.50598,0,26.99896
45.29998,26.50595,0,26.99896
45.31998,26.50592,0,26.99896
45.33998,26.5059,0,26.99896
45.35999,26.50587,0,26.99896
45.37999,26.50584,0,26.99896
45.39998,26.50582,0,26.99896
45.41998,26.50579,0,26.99896
45.43998,26.50576,0,26.99896
45.45998,26.50574,0,26.99896
45.47998,26.50571,0,26.99896
45.49998,26.50568,0,26.99896
45.51999,26.50566,0,26.99896
45.53999,26.50563,0,26.99896
45.55998,26.5056,0,26.99896
45.57998,26.50558,0,26.99896
45.59998,26.50555,0,26.99896
45.61998,26.50552,0,26.99896
45.63998,26.5055,0,26.99896
45.65998,26.50547,0,26.99896
45.67999,26.50544,0,26.99896
45.69999,26.50541,0,26.99896
45.71998,26.50539,0,26.99896
45.73998,26.50536,0,26.99896
45.75998,26.50533,0,26.99896
45.77998,26.50531,0,26.99896
45.79998,26.50528,0,26.99896
45.81998,26.50526,0,26.99896
45.83998,26.50523,0,26.99896
45.85999,26.50521,0,26.99896
45.87998,26.50518,0,26.99896
45.89998,26.50516,0,26.99896
45.91998,26.50513,0,26.99896
45.93998,26.50511,0,26.99896
45.95998,26.50508,0,26.99896
45.97998,26.50506,0,26.99896
45.99998,26.50503,0,26.99896
46.01999,26.50501,0,26.99896
46.03998,26.50498,0,26.99896
46.05998,26.50496,0,26.99896
46.07998,26.50493,0,26.99896
46.09998,26.50491,0,26.99896
46.11998,26.50488,0,26.99896
46.13998,26.50486,0,26.99896
46.15998,26.50484,0,26.99896
46.17999,26.50481,0,26.99896
46.19999,26.50479,0,26.99896
46.21998,26.50476,0,26.99896
46.23998,26.50474,0,26.99896
46.25998,26.50471,0,26.99896
46.27998,26.50469,0,26.99896
46.29998,26.50466,0,26.99896
46.31998,26.50464,0,26.99896
46.33998,26.50461,0,26.99896
46.35999,26.50459,0,26.99896
46.37998,26.50456,0,26.99896
46.39998,26.50454,0,26.99896
46.41998,26.50452,0,26.99896
46.43998,26.5045,0,26.99896
46.45998,26.50447,0,26.99896
46.47998,26.50445,0,26.99896
46.49998,26.50443,0,26.99896
46.51999,26.5044,0,26.99896
46.53998,26.50438,0,26.99896
46.55998,26.50436,0,26.99896
46.57998,26.50434,0,26.99896
46.59998,26.50431,0,26.99896
46.61998,26.50429,0,26.99896
46.63998,26.50427,0,26.99896
46.65998,26.50424,0,26.99896
46.67999,26.50422,0,26.99896
46.69998,26.5042,0,26.99896
46.71998,26.50418,0,26.99896
46.73998,26.50415,0,26.99896
46.75998,26.50413,0,26.99896
46.77998,26.50411,0,26.99896
46.79998,26.50408,0,26.99896
46.81998,26.50406,0,26.99896
46.83998,26.50404,0,26.99896
46.85998,26.50401,0,26.99896
46.87998,26.50399,0,26.99896
46.89998,26.50397,0,26.99896
46.91998,26.50395,0,26.99896
46.93998,26.50392,0,26.99896
46.95998,26.5039,0,26.99896
46.97998,26.50388,0,26.99896
46.99998,26.50386,0,26.99896
47.01999,26.50384,0,26.99896
47.03998,26.50382,0,26.99896
47.05998,26.5038,0,26.99896
47.07998,26.50378,0,26.99896
47.09998,26.50376,0,26.99896
47.11998,26.50373,0,26.99896
47.13998,26.50371,0,26.99896
47.15998,26.50369,0,26.99896
47.17999,26.50367,0,26.99896
47.19998,26.50365,0,26.99896
47.21998,26.50363,0,26.99896
47.23998,26.50361,0,26.99896
47.25998,26.50359,0,26.99896
47.27998,26.50357,0,26.99896
47.29998,26.50355,0,26.99896
47.31998,26.50352,0,26.99896
47.33998,26.5035,0,26.99896
47.35998,26.50348,0,26.99896
47.37998,26.50346,0,26.99896
47.39998,26.50344,0,26.99896
47.41998,26.50342,0,26.99896
47.43998,26.5034,0,26.99896
47.45998,26.50338,0,26.99896
47.47998,26.50336,0,26.99896
47.49998,26.50334,0,26.99896
47.51998,26.50331,0,26.99896
47.53998,26.50329,0,26.99896
47.55998,26.50327,0,26.99896
47.57998,26.50325,0,26.99896
47.59998,26.50323,0,26.99896
47.61998,26.50321,0,26.99896
47.63998,26.50319,0,26.99896
47.65998,26.50317,0,26.99896
47.67998,26.50315,0,26.99896
47.69998,26.50314,0,26.99896
47.71998,26.50312,0,26.99896
47.73998,26.5031,0,26.99896
47.75998,26.50308,0,26.99896
47.77998,26.50306,0,26.99896
47.79998,26.50304,0,26.99896
47.81998,26.50302,0,26.99896
47.83998,26.503,0,26.99896
47.85998,26.50298,0,26.99896
47.87998,26.50296,0,26.99896
47.89998,26.50294,0,26.99896
47.91998,26.50293,0,26.99896
47.93998,26.50291,0,26.99896
47.95998,26.50289,0,26.99896
47.97998,26.50287,0,26.99896
47.99998,26.50285,0,26.99896
48.01998,26.50283,0,26.99896
48.03998,26.50281,0,26.99896
48.05998,26.50279,0,26.99896
48.07998,26.50277,0,26.99896
48.09998,26.50275,0,26.99896
48.11998,26.50274,0,26.99896
48.13998,26.50272,0,26.99896
48.15998,26.5027,0,26.99896
48.17998,26.50268,0,26.99896
48.19998,26.50266,0,26.99896
48.21998,26.50264,0,26.99896
48.23998,26.50262,0,26.99896
48.25998,26.5026,0,26.99896
48.27998,26.50258,0,26.99896
48.29998,26.50256,0,26.99896
48.31998,26.50254,0,26.99896
48.33998,26.50253,0,26.99896
48.35998,26.50251,0,26.99896
48.37998,26.50249,0,26.99896
48.39998,26.50248,0,26.99896
48.41998,26.50246,0,26.99896
48.43998,26.50244,0,26.99896
48.45998,26.50242,0,26.99896
48.47998,26.50241,0,26.99896
48.49998,26.50239,0,26.99896
48.51998,26.50237,0,26.99896
48.53998,26.50236,0,26.99896
48.55998,26.50234,0,26.99896
48.57998,26.50232,0,26.99896
48.59998,26.5023,0,26.99896
48.61998,26.50229,0,26.99896
48.63998,26.50227,0,26.99896
48.65998,26.50225,0,26.99896
48.67998,26.50224,0,26.99896
48.69998,26.50222,0,26.99896
48.71998,26.5022,0,26.99896
48.73998,26.50218,0,26.99896
48.75998,26.50217,0,26.99896
48.77998,26.50215,0,26.99896
48.79998,26.50213,0,26.99896
48.81998,26.50212,0,26.99896
48.83998,26.5021,0,26.99896
48.85998,26.50208,0,26.99896
48.87998,26.50206,0,26.99896
48.89998,26.50205,0,26.99896
48.91998,26.50203,0,26.99896
48.93998,26.50201,0,26.99896
48.95998,26.502,0,26.99896
48.97998,26.50198,0,26.99896
48.99998,26.50196,0,26.99896
49.01998,26.50194,0,26.99896
49.03998,26.50193,0,26.99896
49.05998,26.50191,0,26.99896
49.07998,26.50189,0,26.99896
49.09998,26.50187,0,26.99896
49.11998,26.50186,0,26.99896
49.13998,26.50184,0,26.99896
49.15998,26.50183,0,26.99896
49.17998,26.50181,0,26.99896
49.19998,26.5018,0,26.99896
49.21998,26.50178,0,26.99896
49.23998,26.50177,0,26.99896
49.25998,26.50175,0,26.99896
49.27998,26.50174,0,26.99896
49.29998,26.50172,0,26.99896
49.31998,26.50171,0,26.99896
49.33998,26.50169,0,26.99896
49.35998,26.50167,0,26.99896
49.37998,26.50166,0,26.99896
49.39998,26.50164,0,26.99896
49.41998,26.50163,0,26.99896
49.43998,26.50161,0,26.99896
49.45998,26.5016,0,26.99896
49.47998,26.50158,0,26.99896
49.49998,26.50157,0,26.99896
49.51998,26.50155,0,26.99896
49.53998,26.50154,0,26.99896
49.55998,26.50152,0,26.99896
49.57998,26.50151,0,26.99896
49.59998,26.50149,0,26.99896
49.61998,26.50148,0,26.99896
49.63998,26.50146,0,26.99896
49.65998,26.50145,0,26.99896
49.67998,26.50143,0,26.99896
49.69998,26.50142,0,26.99896
49.71998,26.5014,0,26.99896
49.73998,26.50138,0,26.99896
49.75998,26.50137,0,26.99896
49.77998,26.50135,0,26.99896
49.79998,26.50134,0,26.99896
49.81998,26.50132,0,26.99896
49.83998,26.50131,0,26.99896
49.85998,26.50129,0,26.99896
49.87998,26.50128,0,26.99896
49.89998,26.50126,0,26.99896
49.91998,26.50125,0,26.99896
49.93998,26.50123,0,26.99896
49.95998,26.50122,0,26.99896
49.97998,26.5012,0,26.99896
49.99998,26.50119,0,26.99896
50.01998,26.50117,0,26.99896
50.03998,26.50116,0,26.99896
50.05998,26.50115,0,26.99896
50.07998,26.50113,0,26.99896
50.09998,26.50112,0,26.99896
50.11998,26.50111,0,26.99896
50.13998,26.50109,0,26.99896
50.15998,26.50108,0,26.99896
50.17998,26.50107,0,26.99896
50.19998,26.50105,0,26.99896
50.21998,26.50104,0,26.99896
50.23998,26.50103,0,26.99896
50.25998,26.50101,0,26.99896
50.27998,26.501,0,26.99896
50.29998,26.50099,0,26.99896
50.31998,26.50097,0,26.99896
50.33998,26.50096,0,26.99896
50.35998,26.50095,0,26.99896
50.37998,26.50093,0,26.99896
50.39998,26.50092,0,26.99896
50.41998,26.50091,0,26.99896
50.43998,26.50089,0,26.99896
50.45998,26.50088,0,26.99896
50.47998,26.50087,0,26.99896
50.49998,26.50085,0,26.99896
50.51998,26.50084,0,26.99896
50.53998,26.50083,0,26.99896
50.55998,26.50081,0,26.99896
50.57998,26.5008,0,26.99896
50.59998,26.50079,0,26.99896
50.61998,26.50077,0,26.99896
50.63998,26.50076,0,26.99896
50.65998,26.50075,0,26.99896
50.67998,26.50073,0,26.99896
50.69998,26.50072,0,26.99896
50.71998,26.50071,0,26.99896
50.73998,26.50069,0,26.99896
50.75998,26.50068,0,26.99896
50.77998,26.50067,0,26.99896
50.79998,26.50065,0,26.99896
50.81998,26.50064,0,26.99896
50.83998,26.50063,0,26.99896
50.85998,26.50061,0,26.99896
50.87998,26.5006,0,26.99896
50.89998,26.50059,0,26.99896
50.91998,26.50057,0,26.99896
50.93998,26.50056,0,26.99896
50.95998,26.50055,0,26.99896
50.97998,26.50053,0,26.99896
50.99998,26.50052,0,26.99896
51.01998,26.50051,0,26.99896
51.03998,26.50049,0,26.99896
51.05998,26.50048,0,26.99896
51.07998,26.50047,0,26.99896
51.09998,26.50046,0,26.99896
51.11998,26.50045,0,26.99896
51.13998,26.50043,0,26.99896
51.15998,26.50042,0,26.99896
51.17998,26.50041,0,26.99896
51.19998,26.5004,0,26.99896
51.21998,26.50039,0,26.99896
51.23998,26.50038,0,26.99896
51.25998,26.50037,0,26.99896
51.27998,26.50035,0,26.99896
51.29998,26.50034,0,26.99896
51.31998,26.50033,0,26.99896
51.33998,26.50032,0,26.99896
51.35998,26.50031,0,26.99896
51.37998,26.5003,0,26.99896
51.39998,26.50029,0,26.99896
51.41998,26.50027,0,26.99896
51.43998,26.50026,0,26.99896
51.45998,26.50025,0,26.99896
51.47998,26.50024,0,26.99896
51.49998,26.50023,0,26.99896
51.51998,26.50022,0,26.99896
51.53998,26.50021,0,26.99896
51.55998,26.50019,0,26.99896
51.57998,26.50018,0,26.99896
51.59998,26.50017,0,26.99896
51.61998,26.50016,0,26.99896
51.63998,26.50015,0,26.99896
51.65998,26.50014,0,26.99896
51.67998,26.50013,0,26.99896
51.69998,26.50011,0,26.99896
51.71998,26.5001,0,26.99896
51.73998,26.50009,0,26.99896
51.75998,26.50008,0,26.99896
51.77998,26.50007,0,26.99896
51.79998,26.50006,0,26.99896
51.81998,26.50005,0,26.99896
51.83998,26.50003,0,26.99896
51.85998,26.50002,0,26.99896
51.87998,26.50001,0,26.99896
51.89998,26.5,0,26.99896
51.91998,26.49999,0,26.99896
51.93998,26.49998,0,26.99896
51.95998,26.49997,0,26.99896
51.97998,26.49995,0,26.99896
51.99998,26.49994,0,26.99896
52.01998,26.49993,0,26.99896
52.03998,26.49992,0,26.99896
52.05998,26.49991,0,26.99896
52.07998,26.4999,0,26.99896
52.09998,26.49989,0,26.99896
52.11998,26.49987,0,26.99896
52.13998,26.49986,0,26.99896
52.15998,26.49985,0,26.99896
52.17998,26.49984,0,26.99896
52.19998,26.49983,0,26.99896
52.21998,26.49982,0,26.99896
52.23998,26.49981,0,26.99896
52.25998,26.4998,0,26.99896
52.27998,26.49979,0,26.99896
52.29998,26.49978,0,26.99896
52.31998,26.49977,0,26.99896
52.33998,26.49976,0,26.99896
52.35998,26.49975,0,26.99896
52.37998,26.49974,0,26.99896
52.39998,26.49973,0,26.99896
52.41998,26.49972,0,26.99896
52.43998,26.49971,0,26.99896
52.45998,26.4997,0,26.99896
52.47998,26.49969,0,26.99896
52.49998,26.49968,0,26.99896
52.51998,26.49967,0,26.99896
52.53998,26.49966,0,26.99896
52.55998,26.49965,0,26.99896
52.57998,26.49964,0,26.99896
52.59998,26.49963,0,26.99896
52.61998,26.49962,0,26.99896
52.63998,26.49961,0,26.99896
52.65998,26.49961,0,26.99896
52.67998,26.4996,0,26.99896
52.69998,26.49959,0,26.99896
52.71998,26.49958,0,26.99896
52.73998,26.49957,0,26.99896
52.75998,26.49956,0,26.99896
52.77998,26.49955,0,26.99896
52.79998,26.49954,0,26.99896
52.81998,26.49953,0,26.99896
52.83998,26.49952,0,26.99896
52.85998,26.49951,0,26.99896
52.87998,26.4995,0,26.99896
52.89998,26.49949,0,26.99896
52.91998,26.49948,0,26.99896
52.93998,26.49947,0,26.99896
52.95998,26.49946,0,26.99896
52.97998,26.49945,0,26.99896
52.99998,26.49944,0,26.99896
53.01998,26.49943,0,26.99896
53.03998,26.49942,0,26.99896
53.05998,26.49941,0,26.99896
53.07998,26.4994,0,26.99896
53.09998,26.4994,0,26.99896
53.11998,26.49939,0,26.99896
53.13998,26.49938,0,26.99896
53.15998,26.49937,0,26.99896
53.17998,26.49936,0,26.99896
53.19998,26.49935,0,26.99896
53.21998,26.49934,0,26.99896
53.23998,26.49933,0,26.99896
53.25998,26.49932,0,26.99896
53.27998,26.49931,0,26.99896
53.29998,26.4993,0,26.99896
53.31998,26.49929,0,26.99896
53.33998,26.49928,0,26.99896
53.35998,26.49927,0,26.99896
53.37998,26.49926,0,26.99896
53.39998,26.49925,0,26.99896
53.41998,26.49924,0,26.99896
53.43998,26.49923,0,26.99896
53.45998,26.49922,0,26.99896
53.47998,26.49921,0,26.99896
53.49998,26.4992,0,26.99896
53.51998,26.4992,0,26.99896
53.53998,26.49919,0,26.99896
53.55998,26.49918,0,26.99896
53.57998,26.49917,0,26.99896
53.59998,26.49916,0,26.99896
53.61998,26.49915,0,26.99896
53.63998,26.49914,0,26.99896
53.65998,26.49913,0,26.99896
53.67998,26.49912,0,26.99896
53.69998,26.49911,0,26.99896
53.71998,26.49911,0,26.99896
53.73998,26.4991,0,26.99896
53.75998,26.49909,0,26.99896
53.77998,26.49908,0,26.99896
53.79998,26.49907,0,26.99896
53.81998,26.49907,0,26.99896
53.83998,26.49906,0,26.99896
53.85998,26.49905,0,26.99896
53.87998,26.49904,0,26.99896
53.89998,26.49904,0,26.99896
53.91998,26.49903,0,26.99896
53.93998,26.49902,0,26.99896
53.95998,26.49901,0,26.99896
53.97998,26.49901,0,26.99896
53.99998,26.499,0,26.99896
54.01998,26.49899,0,26.99896
54.03998,26.49898,0,26.99896
54.05998,26.49898,0,26.99896
54.07998,26.49897,0,26.99896
54.09998,26.49896,0,26.99896
54.11998,26.49895,0,26.99896
54.13998,26.49895,0,26.99896
54.15998,26.49894,0,26.99896
54.17998,26.49893,0,26.99896
54.19998,26.49892,0,26.99896
54.21998,26.49891,0,26.99896
54.23998,26.49891,0,26.99896
54.25998,26.4989,0,26.99896
54.27998,26.49889,0,26.99896
54.29998,26.49888,0,26.99896
54.31998,26.49888,0,26.99896
54.33998,26.49887,0,26.99896
54.35998,26.49886,0,26.99896
54.37998,26.49885,0,26.99896
54.39998,26.49885,0,26.99896
54.41998,26.49884,0,26.99896
54.43998,26.49883,0,26.99896
54.45998,26.49882,0,26.99896
54.47998,26.49882,0,26.99896
54.49998,26.49881,0,26.99896
54.51998,26.4988,0,26.99896
54.53998,26.49879,0,26.99896
54.55998,26.49879,0,26.99896
54.57998,26.49878,0,26.99896
54.59998,26.49877,0,26.99896
54.61998,26.49876,0,26.99896
54.63998,26.49875,0,26.99896
54.65998,26.49875,0,26.99896
54.67998,26.49874,0,26.99896
54.69998,26.49873,0,26.99896
54.71998,26.49872,0,26.99896
54.73998,26.49872,0,26.99896
54.75998,26.49871,0,26.99896
54.77998,26.4987,0,26.99896
54.79998,26.49869,0,26.99896
54.81998,26.49869,0,26.99896
54.83998,26.49868,0,26.99896
54.85998,26.49867,0,26.99896
54.87998,26.49866,0,26.99896
54.89998,26.49866,0,26.99896
54.91998,26.49865,0,26.99896
54.93998,26.49864,0,26.99896
54.95998,26.49863,0,26.99896
54.97998,26.49862,0,26.99896
54.99998,26.49862,0,26.99896
55.01998,26.49861,0,26.99896
55.03998,26.4986,0,26.99896
55.05998,26.49859,0,26.99896
55.07998,26.49859,0,26.99896
55.09998,26.49858,0,26.99896
55.11998,26.49857,0,26.99896
55.13998,26.49856,0,26.99896
55.15998,26.49856,0,26.99896
55.17998,26.49855,0,26.99896
55.19998,26.49854,0,26.99896
55.21998,26.49853,0,26.99896
55.23998,26.49853,0,26.99896
55.25998,26.49852,0,26.99896
55.27998,26.49851,0,26.99896
55.29998,26.4985,0,26.99896
55.31998,26.4985,0,26.99896
55.33998,26.49849,0,26.99896
55.35998,26.49848,0,26.99896
55.37998,26.49847,0,26.99896
55.39998,26.49846,0,26.99896
55.41998,26.49846,0,26.99896
55.43998,26.49845,0,26.99896
55.45998,26.49844,0,26.99896
55.47998,26.49844,0,26.99896
55.49998,26.49843,0,26.99896
55.51998,26.49842,0,26.99896
55.53998,26.49842,0,26.99896
55.55998,26.49841,0,26.99896
55.57998,26.49841,0,26.99896
55.59998,26.4984,0,26.99896
55.61998,26.4984,0,26.99896
55.63998,26.49839,0,26.99896
55.65998,26.49838,0,26.99896
55.67998,26.49838,0,26.99896
55.69998,26.49837,0,26.99896
55.71998,26.49837,0,26.99896
55.73998,26.49836,0,26.99896
55.75998,26.49836,0,26.99896
55.77998,26.49835,0,26.99896
55.79998,26.49834,0,26.99896
55.81998,26.49834,0,26.99896
55.83998,26.49833,0,26.99896
55.85998,26.49833,0,26.99896
55.87998,26.49832,0,26.99896
55.89998,26.49832,0,26.99896
55.91998,26.49831,0,26.99896
55.93998,26.4983,0,26.99896
55.95998,26.4983,0,26.99896
55.97998,26.49829,0,26.99896
55.99998,26.49829,0,26.99896
56.01998,26.49828,0,26.99896
56.03998,26.49828,0,26.99896
56.05998,26.49827,0,26.99896
56.07998,26.49826,0,26.99896
56.09998,26.49826,0,26.99896
56.11998,26.49825,0,26.99896
56.13998,26.49825,0,26.99896
56.15998,26.49824,0,26.99896
56.17998,26.49824,0,26.99896
56.19998,26.49823,0,26.99896
56.21998,26.49822,0,26.99896
56.23998,26.49822,0,26.99896
56.25998,26.49821,0,26.99896
56.27998,26.49821,0,26.99896
56.29998,26.4982,0,26.99896
56.31998,26.4982,0,26.99896
56.33998,26.49819,0,26.99896
56.35998,26.49818,0,26.99896
56.37998,26.49818,0,26.99896
56.39998,26.49817,0,26.99896
56.41998,26.49817,0,26.99896
56.43998,26.49816,0,26.99896
56.45998,26.49816,0,26.99896
56.47998,26.49815,0,26.99896
56.49998,26.49814,0,26.99896
56.51998,26.49814,0,26.99896
56.53998,26.49813,0,26.99896
56.55998,26.49813,0,26.99896
56.57998,26.49812,0,26.99896
56.59998,26.49812,0,26.99896
56.61998,26.49811,0,26.99896
56.63998,26.4981,0,26.99896
56.65998,26.4981,0,26.99896
56.67998,26.49809,0,26.99896
56.69998,26.49809,0,26.99896
56.71998,26.49808,0,26.99896
56.73998,26.49808,0,26.99896
56.75998,26.49807,0,26.99896
56.77998,26.49806,0,26.99896
56.79998,26.49806,0,26.99896
56.81998,26.49805,0,26.99896
56.83998,26.49805,0,26.99896
56.85998,26.49804,0,26.99896
56.87998,26.49804,0,26.99896
56.89998,26.49803,0,26.99896
56.91998,26.49802,0,26.99896
56.93998,26.49802,0,26.99896
56.95998,26.49801,0,26.99896
56.97998,26.49801,0,26.99896
56.99998,26.498,0,26.99896
57.01998,26.498,0,26.99896
57.03998,26.49799,0,26.99896
57.05998,26.49798,0,26.99896
57.07998,26.49798,0,26.99896
57.09998,26.49797,0,26.99896
57.11998,26.49797,0,26.99896
57.13998,26.49796,0,26.99896
57.15998,26.49796,0,26.99896
57.17998,26.49795,0,26.99896
57.19998,26.49794,0,26.99896
57.21998,26.49794,0,26.99896
57.23998,26.49793,0,26.99896
57.25998,26.49793,0,26.99896
57.27998,26.49792,0,26.99896
57.29998,26.49792,0,26.99896
57.31998,26.49791,0,26.99896
57.33998,26.4979,0,26.99896
57.35998,26.4979,0,26.99896
57.37998,26.49789,0,26.99896
57.39998,26.49789,0,26.99896
57.41998,26.49788,0,26.99896
57.43998,26.49788,0,26.99896
57.45998,26.49787,0,26.99896
57.47998,26.49786,0,26.99896
57.49998,26.49786,0,26.99896
57.51998,26.49785,0,26.99896
57.53998,26.49785,0,26.99896
57.55998,26.49784,0,26.99896
57.57998,26.49784,0,26.99896
57.59998,26.49783,0,26.99896
57.61998,26.49782,0,26.99896
57.63998,26.49782,0,26.99896
57.65998,26.49781,0,26.99896
57.67998,26.49781,0,26.99896
57.69998,26.4978,0,26.99896
57.71998,26.4978,0,26.99896
57.73998,26.49779,0,26.99896
57.75998,26.49778,0,26.99896
57.77998,26.49778,0,26.99896
57.79998,26.49777,0,26.99896
57.81998,26.49777,0,26.99896
57.83998,26.49776,0,26.99896
57.85998,26.49776,0,26.99896
57.87998,26.49775,0,26.99896
57.89998,26.49775,0,26.99896
57.91998,26.49774,0,26.99896
57.93998,26.49774,0,26.99896
57.95998,26.49773,0,26.99896
57.97998,26.49773,0,26.99896
57.99998,26.49773,0,26.99896
58.01998,26.49772,0,26.99896
58.03998,26.49772,0,26.99896
58.05998,26.49771,0,26.99896
58.07998,26.49771,0,26.99896
58.09998,26.49771,0,26.99896
58.11998,26.4977,0,26.99896
58.13998,26.4977,0,26.99896
58.15998,26.4977,0,26.99896
58.17998,26.49769,0,26.99896
58.19998,26.49769,0,26.99896
58.21998,26.49768,0,26.99896
58.23998,26.49768,0,26.99896
58.25998,26.49768,0,26.99896
58.27998,26.49767,0,26.99896
58.29998,26.49767,0,26.99896
58.31998,26.49767,0,26.99896
58.33998,26.49766,0,26.99896
58.35998,26.49766,0,26.99896
58.37998,26.49765,0,26.99896
58.39998,26.49765,0,26.99896
58.41998,26.49765,0,26.99896
58.43998,26.49764,0,26.99896
58.45998,26.49764,0,26.99896
58.47998,26.49763,0,26.99896
58.49998,26.49763,0,26.99896
58.51998,26.49763,0,26.99896
58.53998,26.49762,0,26.99896
58.55998,26.49762,0,26.99896
58.57998,26.49762,0,26.99896
58.59998,26.49761,0,26.99896
58.61998,26.49761,0,26.99896
58.63998,26.4976,0,26.99896
58.65998,26.4976,0,26.99896
58.67998,26.4976,0,26.99896
58.69998,26.49759,0,26.99896
58.71998,26.49759,0,26.99896
58.73998,26.49759,0,26.99896
58.75998,26.49758,0,26.99896
58.77998,26.49758,0,26.99896
58.79998,26.49757,0,26.99896
58.81998,26.49757,0,26.99896
58.83998,26.49757,0,26.99896
58.85998,26.49756,0,26.99896
58.87998,26.49756,0,26.99896
58.89998,26.49755,0,26.99896
58.91998,26.49755,0,26.99896
58.93998,26.49755,0,26.99896
58.95998,26.49754,0,26.99896
58.97998,26.49754,0,26.99896
58.99998,26.49754,0,26.99896
59.01998,26.49753,0,26.99896
59.03998,26.49753,0,26.99896
59.05998,26.49752,0,26.99896
59.07998,26.49752,0,26.99896
59.09998,26.49752,0,26.99896
59.11998,26.49751,0,26.99896
59.13998,26.49751,0,26.99896
59.15998,26.49751,0,26.99896
59.17998,26.4975,0,26.99896
59.19998,26.4975,0,26.99896
59.21998,26.49749,0,26.99896
59.23998,26.49749,0,26.99896
59.25998,26.49749,0,26.99896
59.27998,26.49748,0,26.99896
59.29998,26.49748,0,26.99896
59.31998,26.49747,0,26.99896
59.33998,26.49747,0,26.99896
59.35998,26.49747,0,26.99896
59.37998,26.49746,0,26.99896
59.39998,26.49746,0,26.99896
59.41998,26.49746,0,26.99896
59.43998,26.49745,0,26.99896
59.45998,26.49745,0,26.99896
59.47998,26.49744,0,26.99896
59.49998,26.49744,0,26.99896
59.51998,26.49744,0,26.99896
59.53998,26.49743,0,26.99896
59.55998,26.49743,0,26.99896
59.57998,26.49743,0,26.99896
59.59998,26.49742,0,26.99896
59.61998,26.49742,0,26.99896
59.63998,26.49741,0,26.99896
59.65998,26.49741,0,26.99896
59.67998,26.49741,0,26.99896
59.69998,26.4974,0,26.99896
59.71998,26.4974,0,26.99896
59.73998,26.49739,0,26.99896
59.75998,26.49739,0,26.99896
59.77998,26.49739,0,26.99896
59.79998,26.49738,0,26.99896
59.81998,26.49738,0,26.99896
59.83998,26.49738,0,26.99896
59.85998,26.49737,0,26.99896
59.87998,26.49737,0,26.99896
59.89998,26.49736,0,26.99896
59.91998,26.49736,0,26.99896
59.93998,26.49736,0,26.99896
59.95998,26.49735,0,26.99896
59.97998,26.49735,0,26.99896
59.99998,26.49734,0,26.99896
60.01998,26.49734,0,26.99896
60.03998,26.49734,0,26.99896
60.05998,26.49733,0,26.99896
60.07998,26.49733,0,26.99896
60.09998,26.49733,0,26.99896
60.11998,26.49732,0,26.99896
60.13998,26.49732,0,26.99896
60.15998,26.49731,0,26.99896
60.17998,26.49731,0,26.99896
60.19998,26.49731,0,26.99896
60.21998,26.4973,0,26.99896
60.23998,26.4973,0,26.99896
60.25998,26.4973,0,26.99896
60.27998,26.49729,0,26.99896
60.29998,26.49729,0,26.99896
60.31998,26.49728,0,26.99896
60.33998,26.49728,0,26.99896
60.35998,26.49728,0,26.99896
60.37998,26.49727,0,26.99896
60.39998,26.49727,0,26.99896
60.41998,26.49726,0,26.99896
60.43998,26.49726,0,26.99896
60.45998,26.49726,0,26.99896
60.47998,26.49725,0,26.99896
60.49998,26.49725,0,26.99896
60.51998,26.49725,0,26.99896
60.53998,26.49724,0,26.99896
60.55998,26.49724,0,26.99896
60.57998,26.49723,0,26.99896
60.59998,26.49723,0,26.99896
60.61998,26.49723,0,26.99896
60.63998,26.49722,0,26.99896
60.65998,26.49722,0,26.99896
60.67998,26.49722,0,26.99896
60.69998,26.49721,0,26.99896
60.71998,26.49721,0,26.99896
60.73998,26.4972,0,26.99896
60.75998,26.4972,0,26.99896
60.77998,26.4972,0,26.99896
60.79998,26.49719,0,26.99896
60.81998,26.49719,0,26.99896
60.83998,26.49718,0,26.99896
60.85998,26.49718,0,26.99896
60.87998,26.49718,0,26.99896
60.89998,26.49717,0,26.99896
60.91998,26.49717,0,26.99896
60.93998,26.49717,0,26.99896
60.95998,26.49716,0,26.99896
60.97998,26.49716,0,26.99896
60.99998,26.49715,0,26.99896
61.01998,26.49715,0,26.99896
61.03998,26.49715,0,26.99896
61.05998,26.49714,0,26.99896
61.07998,26.49714,0,26.99896
61.09998,26.49714,0,26.99896
61.11998,26.49713,0,26.99896
61.13998,26.49713,0,26.99896
61.15998,26.49712,0,26.99896
61.17998,26.49712,0,26.99896
61.19998,26.49712,0,26.99896
61.21998,26.49711,0,26.99896
61.23998,26.49711,0,26.99896
61.25998,26.4971,0,26.99896
61.27998,26.4971,0,26.99896
61.29998,26.4971,0,26.99896
61.31998,26.49709,0,26.99896
61.33998,26.49709,0,26.99896
61.35998,26.49709,0,26.99896
61.37998,26.49708,0,26.99896
61.39998,26.49708,0,26.99896
61.41998,26.49707,0,26.99896
61.43998,26.49707,0,26.99896
61.45998,26.49707,0,26.99896
61.47998,26.49706,0,26.99896
61.49998,26.49706,0,26.99896
61.51998,26.49706,0,26.99896
61.53998,26.49705,0,26.99896
61.55998,26.49705,0,26.99896
61.57998,26.49705,0,26.99896
61.59998,26.49705,0,26.99896
61.61998,26.49705,0,26.99896
61.63998,26.49704,0,26.99896
61.65998,26.49704,0,26.99896
61.67998,26.49704,0,26.99896
61.69998,26.49704,0,26.99896
61.71998,26.49704,0,26.99896
61.73998,26.49703,0,26.99896
61.75998,26.49703,0,26.99896
61.77998,26.49703,0,26.99896
61.79998,26.49703,0,26.99896
61.81998,26.49703,0,26.99896
61.83998,26.49702,0,26.99896
61.85998,26.49702,0,26.99896
61.87998,26.49702,0,26.99896
61.89998,26.49702,0,26.99896
61.91998,26.49702,0,26.99896
61.93998,26.49701,0,26.99896
61.95998,26.49701,0,26.99896
61.97998,26.49701,0,26.99896
61.99998,26.49701,0,26.99896
62.01998,26.49701,0,26.99896
62.03998,26.49701,0,26.99896
62.05998,26.497,0,26.99896
62.07998,26.497,0,26.99896
62.09998,26.497,0,26.99896
62.11998,26.497,0,26.99896
62.13998,26.497,0,26.99896
62.15998,26.49699,0,26.99896
62.17998,26.49699,0,26.99896
62.19998,26.49699,0,26.99896
62.21998,26.49699,0,26.99896
62.23998,26.49699,0,26.99896
62.25998,26.49698,0,26.99896
62.27998,26.49698,0,26.99896
62.29998,26.49698,0,26.99896
62.31998,26.49698,0,26.99896
62.33998,26.49698,0,26.99896
62.35998,26.49697,0,26.99896
62.37998,26.49697,0,26.99896
62.39998,26.49697,0,26.99896
62.41998,26.49697,0,26.99896
62.43998,26.49697,0,26.99896
62.45998,26.49697,0,26.99896
62.47998,26.49696,0,26.99896
62.49998,26.49696,0,26.99896
62.51998,26.49696,0,26.99896
62.53998,26.49696,0,26.99896
62.55998,26.49696,0,26.99896
62.57998,26.49695,0,26.99896
62.59998,26.49695,0,26.99896
62.61998,26.49695,0,26.99896
62.63998,26.49695,0,26.99896
62.65998,26.49695,0,26.99896
62.67998,26.49694,0,26.99896
62.69998,26.49694,0,26.99896
62.71998,26.49694,0,26.99896
62.73998,26.49694,0,26.99896
62.75998,26.49694,0,26.99896
62.77998,26.49693,0,26.99896
62.79998,26.49693,0,26.99896
62.81998,26.49693,0,26.99896
62.83998,26.49693,0,26.99896
62.85998,26.49693,0,26.99896
62.87998,26.49693,0,26.99896
62.89998,26.49692,0,26.99896
62.91998,26.49692,0,26.99896
62.93998,26.49692,0,26.99896
62.95998,26.49692,0,26.99896
62.97998,26.49692,0,26.99896
62.99998,26.49691,0,26.99896
63.01998,26.49691,0,26.99896
63.03998,26.49691,0,26.99896
63.05998,26.49691,0,26.99896
63.07998,26.49691,0,26.99896
63.09998,26.4969,0,26.99896
63.11998,26.4969,0,26.99896
63.13998,26.4969,0,26.99896
63.15998,26.4969,0,26.99896
63.17998,26.4969,0,26.99896
63.19998,26.49689,0,26.99896
63.21998,26.49689,0,26.99896
63.23998,26.49689,0,26.99896
63.25998,26.49689,0,26.99896
63.27998,26.49689,0,26.99896
63.29998,26.49689,0,26.99896
63.31998,26.49688,0,26.99896
63.33998,26.49688,0,26.99896
63.35998,26.49688,0,26.99896
63.37998,26.49688,0,26.99896
63.39998,26.49688,0,26.99896
63.41998,26.49687,0,26.99896
63.43998,26.49687,0,26.99896
63.45998,26.49687,0,26.99896
63.47998,26.49687,0,26.99896
63.49998,26.49687,0,26.99896
63.51998,26.49686,0,26.99896
63.53998,26.49686,0,26.99896
63.55998,26.49686,0,26.99896
63.57998,26.49686,0,26.99896
63.59998,26.49686,0,26.99896
63.61998,26.49685,0,26.99896
63.63998,26.49685,0,26.99896
63.65998,26.49685,0,26.99896
63.67998,26.49685,0,26.99896
63.69998,26.49685,0,26.99896
63.71998,26.49685,0,26.99896
63.73998,26.49684,0,26.99896
63.75998,26.49684,0,26.99896
63.77998,26.49684,0,26.99896
63.79998,26.49684,0,26.99896
63.81998,26.49684,0,26.99896
63.83998,26.49683,0,26.99896
63.85998,26.49683,0,26.99896
63.87998,26.49683,0,26.99896
63.89998,26.49683,0,26.99896
63.91998,26.49683,0,26.99896
63.93998,26.49682,0,26.99896
63.95998,26.49682,0,26.99896
63.97998,26.49682,0,26.99896
63.99998,26.49682,0,26.99896
64.01997,26.49682,0,26.99896
64.03998,26.49681,0,26.99896
64.05997,26.49681,0,26.99896
64.07998,26.49681,0,26.99896
64.09998,26.49681,0,26.99896
64.11998,26.49681,0,26.99896
64.13998,26.49681,0,26.99896
64.15998,26.4968,0,26.99896
64.17998,26.4968,0,26.99896
64.19997,26.4968,0,26.99896
64.21998,26.4968,0,26.99896
64.23997,26.4968,0,26.99896
64.25998,26.49679,0,26.99896
64.27998,26.49679,0,26.99896
64.29998,26.49679,0,26.99896
64.31998,26.49679,0,26.99896
64.33997,26.49679,0,26.99896
64.35998,26.49678,0,26.99896
64.37997,26.49678,0,26.99896
64.39998,26.49678,0,26.99896
64.41998,26.49678,0,26.99896
64.43998,26.49678,0,26.99896
64.45998,26.49677,0,26.99896
64.47998,26.49677,0,26.99896
64.49998,26.49677,0,26.99896
64.51997,26.49677,0,26.99896
64.53998,26.49677,0,26.99896
64.55997,26.49677,0,26.99896
64.57998,26.49676,0,26.99896
64.59998,26.49676,0,26.99896
64.61998,26.49676,0,26.99896
64.63998,26.49676,0,26.99896
64.65998,26.49676,0,26.99896
64.67998,26.49675,0,26.99896
64.69997,26.49675,0,26.99896
64.71998,26.49675,0,26.99896
64.73997,26.49675,0,26.99896
64.75998,26.49675,0,26.99896
64.77998,26.49674,0,26.99896
64.79998,26.49674,0,26.99896
64.81998,26.49674,0,26.99896
64.83997,26.49674,0,26.99896
64.85998,26.49674,0,26.99896
64.87997,26.49673,0,26.99896
64.89998,26.49673,0,26.99896
64.91998,26.49673,0,26.99896
64.93998,26.49673,0,26.99896
64.95998,26.49673,0,26.99896
64.97998,26.49673,0,26.99896
64.99998,26.49672,0,26.99896
65.01997,26.49672,0,26.99896
65.03998,26.49672,0,26.99896
65.05997,26.49672,0,26.99896
65.07998,26.49672,0,26.99896
65.09998,26.49671,0,26.99896
65.11998,26.49671,0,26.99896
65.13998,26.49671,0,26.99896
65.15997,26.49671,0,26.99896
65.17998,26.49671,0,26.99896
65.19997,26.4967,0,26.99896
65.21998,26.4967,0,26.99896
65.23997,26.4967,0,26.99896
65.25998,26.4967,0,26.99896
65.27998,26.4967,0,26.99896
65.29998,26.49669,0,26.99896
65.31998,26.49669,0,26.99896
65.33997,26.49669,0,26.99896
65.35998,26.49669,0,26.99896
65.37997,26.49669,0,26.99896
65.39998,26.49669,0,26.99896
65.41998,26.49668,0,26.99896
65.43998,26.49668,0,26.99896
65.45998,26.49668,0,26.99896
65.47998,26.49668,0,26.99896
65.49998,26.49668,0,26.99896
65.51997,26.49667,0,26.99896
65.53998,26.49667,0,26.99896
65.55997,26.49667,0,26.99896
65.57998,26.49667,0,26.99896
65.59998,26.49667,0,26.99896
65.61998,26.49666,0,26.99896
65.63998,26.49666,0,26.99896
65.65997,26.49666,0,26.99896
65.67998,26.49666,0,26.99896
65.69997,26.49666,0,26.99896
65.71998,26.49665,0,26.99896
65.73997,26.49665,0,26.99896
65.75998,26.49665,0,26.99896
65.77998,26.49665,0,26.99896
65.79998,26.49665,0,26.99896
65.81998,26.49664,0,26.99896
65.83997,26.49664,0,26.99896
65.85998,26.49664,0,26.99896
65.87997,26.49664,0,26.99896
65.89998,26.49664,0,26.99896
65.91998,26.49664,0,26.99896
65.93998,26.49663,0,26.99896
65.95998,26.49663,0,26.99896
65.97997,26.49663,0,26.99896
65.99998,26.49663,0,26.99896
66.01997,26.49663,0,26.99896
66.03998,26.49662,0,26.99896
66.05997,26.49662,0,26.99896
66.07998,26.49662,0,26.99896
66.09998,26.49662,0,26.99896
66.11998,26.49662,0,26.99896
66.13998,26.49661,0,26.99896
66.15997,26.49661,0,26.99896
66.17998,26.49661,0,26.99896
66.19997,26.49661,0,26.99896
66.21998,26.49661,0,26.99896
66.23997,26.4966,0,26.99896
66.25998,26.4966,0,26.99896
66.27998,26.4966,0,26.99896
66.29998,26.4966,0,26.99896
66.31998,26.4966,0,26.99896
66.33997,26.4966,0,26.99896
66.35998,26.49659,0,26.99896
66.37997,26.49659,0,26.99896
66.39998,26.49659,0,26.99896
66.41998,26.49659,0,26.99896
66.43998,26.49659,0,26.99896
66.45998,26.49658,0,26.99896
66.47997,26.49658,0,26.99896
66.49998,26.49658,0,26.99896
66.51997,26.49658,0,26.99896
66.53998,26.49658,0,26.99896
66.55997,26.49657,0,26.99896
66.57998,26.49657,0,26.99896
66.59998,26.49657,0,26.99896
66.61998,26.49657,0,26.99896
66.63998,26.49657,0,26.99896
66.65997,26.49656,0,26.99896
66.67998,26.49656,0,26.99896
66.69997,26.49656,0,26.99896
66.71998,26.49656,0,26.99896
66.73997,26.49656,0,26.99896
66.75998,26.49656,0,26.99896
66.77998,26.49655,0,26.99896
66.79997,26.49655,0,26.99896
66.81998,26.49655,0,26.99896
66.83997,26.49655,0,26.99896
66.85998,26.49655,0,26.99896
66.87997,26.49654,0,26.99896
66.89998,26.49654,0,26.99896
66.91998,26.49654,0,26.99896
66.93998,26.49654,0,26.99896
66.95998,26.49654,0,26.99896
66.97997,26.49653,0,26.99896
66.99998,26.49653,0,26.99896
67.01997,26.49653,0,26.99896
67.03998,26.49653,0,26.99896
67.05997,26.49653,0,26.99896
67.07998,26.49652,0,26.99896
67.09998,26.49652,0,26.99896
67.11998,26.49652,0,26.99896
67.13998,26.49652,0,26.99896
67.15997,26.49652,0,26.99896
67.17998,26.49652,0,26.99896
67.19997,26.49651,0,26.99896
67.21998,26.49651,0,26.99896
67.23997,26.49651,0,26.99896
67.25998,26.49651,0,26.99896
67.27998,26.49651,0,26.99896
67.29997,26.4965,0,26.99896
67.31998,26.4965,0,26.99896
67.33997,26.4965,0,26.99896
67.35998,26.4965,0,26.99896
67.37997,26.4965,0,26.99896
67.39998,26.49649,0,26.99896
67.41998,26.49649,0,26.99896
67.43998,26.49649,0,26.99896
67.45998,26.49649,0,26.99896
67.47997,26.49649,0,26.99896
67.49998,26.49648,0,26.99896
67.51997,26.49648,0,26.99896
67.53998,26.49648,0,26.99896
67.55997,26.49648,0,26.99896
